wine_id,random_fold,grouped_fold,temporal_test
0,4,1,0
1,4,3,0
2,0,4,0
3,3,3,0
4,2,3,0
5,2,0,0
6,1,3,0
7,1,1,0
8,0,4,0
9,0,4,0
10,2,3,0
11,0,0,0
12,0,2,0
13,1,2,0
14,4,2,0
15,1,3,0
16,1,4,0
17,2,0,0
18,3,0,0
19,3,3,0
20,2,4,0
21,0,1,0
22,3,0,0
23,0,2,0
24,2,3,0
25,1,1,0
26,3,3,0
27,3,2,0
28,2,3,0
29,1,2,0
30,4,0,0
31,1,2,0
32,3,1,0
33,3,4,0
34,0,4,0
35,3,0,0
36,0,4,0
37,3,0,0
38,4,1,0
39,3,3,0
40,0,4,0
41,0,0,0
42,2,0,0
43,1,3,0
44,4,1,0
45,2,4,0
46,3,0,0
47,3,4,0
48,2,1,0
49,4,4,0
50,2,4,0
51,4,4,0
52,3,4,0
53,3,0,0
54,1,0,0
55,0,2,0
56,4,0,0
57,2,2,0
58,2,0,0
59,3,1,0
60,1,3,0
61,1,1,0
62,4,0,0
63,4,0,0
64,3,4,0
65,4,3,0
66,3,3,0
67,1,0,0
68,3,0,0
69,2,1,0
70,1,4,0
71,1,1,0
72,1,4,0
73,4,0,0
74,4,0,0
75,0,0,0
76,3,0,0
77,0,3,0
78,3,4,0
79,3,3,0
80,0,3,0
81,1,0,0
82,3,2,0
83,0,0,0
84,3,4,0
85,1,4,0
86,3,4,0
87,4,0,0
88,0,3,0
89,2,2,0
90,4,0,0
91,4,0,0
92,4,2,0
93,1,3,0
94,4,2,0
95,2,4,0
96,4,2,0
97,1,1,0
98,1,4,0
99,1,1,0
100,1,4,0
101,2,4,0
102,0,2,0
103,3,4,0
104,1,4,0
105,1,2,0
106,0,3,0
107,2,1,0
108,2,3,0
109,1,0,0
110,4,4,0
111,4,2,0
112,3,2,0
113,4,3,0
114,2,3,0
115,4,4,0
116,3,1,0
117,2,4,0
118,0,1,0
119,4,1,0
120,3,3,0
121,0,4,0
122,2,3,0
123,1,1,0
124,2,3,0
125,2,2,0
126,2,4,0
127,3,0,0
128,2,4,0
129,4,1,0
130,4,2,0
131,0,3,0
132,0,2,0
133,0,3,0
134,1,4,0
135,1,2,0
136,4,2,0
137,4,1,0
138,0,1,0
139,3,4,0
140,0,3,0
141,3,3,0
142,3,0,0
143,1,4,0
144,4,0,0
145,0,4,0
146,3,2,0
147,1,2,0
148,1,1,0
149,4,2,0
150,3,2,0
151,3,4,0
152,2,3,0
153,1,1,0
154,3,2,0
155,1,1,0
156,3,3,0
157,1,3,0
158,0,2,0
159,1,0,0
160,0,3,0
161,3,2,0
162,1,4,0
163,4,1,0
164,2,1,0
165,2,3,0
166,2,3,0
167,3,2,0
168,4,0,0
169,0,1,0
170,2,2,0
171,1,0,0
172,0,2,0
173,0,0,0
174,1,3,0
175,1,2,0
176,3,0,0
177,0,2,0
178,3,3,0
179,0,2,0
180,1,1,0
181,2,3,0
182,2,3,0
183,0,3,0
184,4,2,0
185,4,2,0
186,0,4,0
187,4,1,0
188,2,0,0
189,0,4,0
190,3,1,0
191,3,3,0
192,4,2,0
193,1,1,0
194,2,0,0
195,3,4,0
196,0,3,0
197,2,1,0
198,4,1,0
199,3,3,0
200,0,0,0
201,2,2,0
202,0,1,0
203,0,2,0
204,0,3,0
205,4,1,0
206,2,4,0
207,4,2,0
208,3,4,0
209,4,1,0
210,0,3,0
211,3,4,0
212,2,1,0
213,4,2,0
214,1,2,0
215,1,1,0
216,4,2,0
217,4,3,0
218,0,4,0
219,3,4,0
220,1,0,0
221,1,0,0
222,0,4,0
223,2,4,0
224,1,2,0
225,3,4,0
226,3,3,0
227,2,1,0
228,1,1,0
229,3,2,0
230,1,0,0
231,0,2,0
232,0,3,0
233,4,2,0
234,0,3,0
235,0,4,0
236,1,3,0
237,1,3,0
238,2,0,0
239,2,0,0
240,2,2,0
241,3,4,0
242,3,2,0
243,0,1,0
244,3,2,0
245,0,1,0
246,2,4,0
247,0,1,0
248,0,1,0
249,3,3,0
250,0,2,0
251,4,1,0
252,2,0,0
253,1,0,0
254,1,1,0
255,3,2,0
256,0,0,0
257,0,2,0
258,2,4,0
259,0,2,0
260,2,1,0
261,4,3,0
262,4,3,0
263,1,4,0
264,2,3,0
265,3,0,0
266,1,0,0
267,2,0,0
268,4,2,0
269,2,2,0
270,1,4,0
271,2,3,0
272,0,4,0
273,2,3,0
274,4,4,0
275,0,4,0
276,0,1,0
277,4,4,0
278,0,1,0
279,3,2,0
280,3,0,0
281,4,0,0
282,2,3,0
283,0,2,0
284,3,2,0
285,1,3,0
286,3,4,0
287,4,4,0
288,4,0,0
289,3,1,0
290,4,3,0
291,0,3,0
292,2,0,0
293,2,4,0
294,1,3,0
295,0,0,0
296,4,2,0
297,3,1,0
298,1,4,0
299,4,3,0
300,3,0,0
301,4,0,0
302,2,0,0
303,1,0,0
304,4,2,0
305,2,3,0
306,1,0,0
307,4,0,0
308,0,2,0
309,3,2,0
310,2,1,0
311,4,1,0
312,1,4,0
313,0,0,0
314,3,2,0
315,1,1,0
316,0,0,0
317,1,3,0
318,1,4,0
319,1,1,0
320,2,2,0
321,3,1,0
322,4,4,0
323,3,1,0
324,3,2,0
325,1,1,0
326,3,4,0
327,2,1,0
328,3,4,0
329,1,0,0
330,4,1,0
331,0,1,0
332,4,1,0
333,2,4,0
334,1,4,0
335,2,2,0
336,4,4,0
337,3,2,0
338,0,1,0
339,0,3,0
340,4,0,0
341,0,3,0
342,0,4,0
343,4,0,0
344,3,4,0
345,2,0,0
346,0,4,0
347,0,2,0
348,1,0,0
349,1,0,0
350,1,0,0
351,0,1,0
352,4,1,0
353,2,1,0
354,3,2,0
355,0,2,0
356,4,2,0
357,4,0,0
358,4,4,0
359,3,1,0
360,2,1,0
361,0,4,0
362,1,3,0
363,2,0,0
364,2,2,0
365,4,2,0
366,3,0,0
367,2,2,0
368,2,1,0
369,1,3,0
370,3,3,0
371,3,3,0
372,0,3,0
373,4,4,0
374,3,1,0
375,0,4,0
376,0,4,0
377,2,3,0
378,2,1,0
379,0,3,0
380,1,3,0
381,3,2,0
382,2,3,0
383,4,3,0
384,2,2,0
385,2,4,0
386,0,4,0
387,2,0,0
388,4,3,0
389,1,0,0
390,3,3,0
391,2,4,0
392,4,0,0
393,3,1,0
394,2,1,0
395,3,2,0
396,2,0,0
397,3,4,0
398,3,0,0
399,0,3,0
400,1,0,0
401,1,1,0
402,3,1,0
403,4,0,0
404,1,2,0
405,2,3,0
406,2,2,0
407,4,3,0
408,2,2,0
409,2,1,0
410,0,4,0
411,2,3,0
412,0,1,0
413,3,3,0
414,2,2,0
415,1,0,0
416,4,4,0
417,0,0,0
418,1,3,0
419,1,3,0
420,3,3,0
421,1,3,0
422,4,3,0
423,0,1,0
424,4,4,0
425,1,1,0
426,4,1,0
427,0,3,0
428,0,0,0
429,2,3,0
430,3,4,0
431,3,2,0
432,1,2,0
433,0,3,0
434,0,0,0
435,3,2,0
436,3,3,0
437,1,0,0
438,0,0,0
439,3,0,0
440,4,4,0
441,3,0,0
442,4,0,0
443,4,1,0
444,2,3,0
445,4,0,0
446,2,1,0
447,1,3,0
448,2,2,0
449,3,3,0
450,1,0,0
451,1,0,0
452,3,4,0
453,4,2,0
454,0,0,0
455,3,1,0
456,2,4,0
457,4,3,0
458,2,4,0
459,2,1,0
460,2,0,0
461,2,2,0
462,1,3,0
463,1,2,0
464,2,4,0
465,3,3,0
466,2,1,0
467,4,4,0
468,1,4,0
469,3,4,0
470,1,0,0
471,4,4,0
472,3,0,0
473,1,1,0
474,2,3,0
475,4,2,0
476,3,1,0
477,4,3,0
478,4,3,0
479,0,2,0
480,0,1,0
481,2,1,0
482,2,1,0
483,1,2,0
484,3,1,0
485,4,1,0
486,3,0,0
487,1,2,0
488,3,1,0
489,4,1,0
490,1,1,0
491,3,2,0
492,3,1,0
493,1,2,0
494,1,2,0
495,1,4,0
496,1,1,0
497,1,1,0
498,4,1,0
499,4,2,0
500,2,4,0
501,4,4,0
502,3,4,0
503,3,3,0
504,2,2,0
505,0,4,0
506,3,2,0
507,2,0,0
508,3,0,0
509,4,0,0
510,4,1,0
511,0,0,0
512,0,0,0
513,0,4,0
514,2,0,0
515,1,4,0
516,1,2,0
517,4,0,0
518,2,3,0
519,1,2,0
520,1,4,0
521,1,1,0
522,1,2,0
523,2,0,0
524,1,1,0
525,1,2,0
526,4,3,0
527,4,0,0
528,1,1,0
529,0,0,0
530,3,4,0
531,0,0,0
532,4,4,0
533,4,1,0
534,2,3,0
535,0,4,0
536,4,2,0
537,3,4,0
538,3,1,0
539,0,1,0
540,4,3,0
541,2,2,0
542,1,0,0
543,1,3,0
544,2,4,0
545,0,4,0
546,2,1,0
547,0,2,0
548,0,1,0
549,3,4,0
550,3,3,0
551,3,0,0
552,2,2,0
553,3,1,0
554,1,2,0
555,3,3,0
556,1,1,0
557,3,0,0
558,3,2,0
559,3,4,0
560,1,3,0
561,0,1,0
562,4,3,0
563,4,2,0
564,2,1,0
565,2,1,0
566,3,2,0
567,1,2,0
568,2,1,0
569,3,1,0
570,4,3,0
571,4,2,0
572,2,4,0
573,1,4,0
574,4,4,0
575,0,3,0
576,4,2,0
577,1,4,0
578,3,4,0
579,0,4,0
580,3,2,0
581,4,4,0
582,3,0,0
583,0,0,0
584,0,3,0
585,0,0,0
586,3,4,0
587,2,4,0
588,0,0,0
589,1,0,0
590,4,0,0
591,0,2,0
592,1,1,0
593,0,0,0
594,1,4,0
595,1,1,0
596,4,0,0
597,3,0,0
598,0,4,0
599,0,3,0
600,4,3,0
601,2,0,0
602,1,2,1
603,3,4,1
604,1,2,1
605,3,0,1
606,1,1,1
607,4,0,1
608,4,2,1
609,4,2,1
610,0,4,1
611,2,4,1
612,2,0,1
613,1,4,1
614,4,1,1
615,2,0,1
616,2,3,1
617,2,2,1
618,0,2,1
619,3,0,1
620,2,0,1
621,1,1,1
622,0,4,1
623,1,1,1
624,3,4,1
625,1,0,1
626,4,0,1
627,0,3,1
628,2,1,1
629,1,0,1
630,0,1,1
631,2,3,1
632,2,2,1
633,3,4,1
634,3,0,1
635,2,0,1
636,4,0,1
637,4,3,1
638,4,1,1
639,0,4,1
640,4,1,1
641,0,1,1
642,1,3,1
643,4,0,1
644,1,3,1
645,2,1,1
646,3,0,1
647,2,1,1
648,3,2,1
649,1,1,1
650,4,4,1
651,3,3,1
652,0,4,1
653,1,2,1
654,3,0,1
655,4,3,1
656,2,0,1
657,4,4,1
658,1,4,1
659,4,4,1
660,2,3,1
661,1,2,1
662,0,2,1
663,4,2,1
664,0,0,1
665,0,1,1
666,0,2,1
667,0,4,1
668,4,4,1
669,1,1,1
670,4,3,1
671,3,3,1
672,2,0,1
673,0,4,1
674,1,3,1
675,3,2,1
676,0,2,1
677,1,0,1
678,4,2,1
679,0,4,1
680,1,4,1
681,1,2,1
682,3,1,1
683,4,1,1
684,0,3,1
685,4,2,1
686,1,4,1
687,0,3,1
688,1,0,1
689,1,4,1
690,4,1,1
691,3,2,1
692,3,0,1
693,0,3,1
694,4,1,1
695,3,2,1
696,2,4,1
697,2,2,1
698,4,0,1
699,2,3,1
700,0,3,1
701,4,4,1
702,3,0,1
703,0,2,1
704,0,1,1
705,4,0,1
706,1,2,1
707,3,2,1
708,1,1,1
709,0,3,1
710,4,1,1
711,4,4,1
712,4,0,1
713,0,1,1
714,3,1,1
715,0,4,1
716,4,1,1
717,1,3,1
718,0,3,1
719,2,1,1
720,3,1,1
721,2,4,1
722,4,1,1
723,2,2,1
724,0,1,1
725,4,4,1
726,3,3,1
727,2,4,1
728,4,3,1
729,0,4,1
730,0,0,1
731,0,1,1
732,1,0,1
733,0,0,1
734,1,1,1
735,2,3,1
736,3,3,1
737,1,2,1
738,4,2,1
739,4,2,1
740,0,0,1
741,4,2,1
742,4,2,1
743,4,0,1
744,1,0,1
745,1,1,1
746,2,3,1
747,0,1,1
748,3,3,1
749,4,2,1
750,0,4,1
751,1,2,1
752,3,0,1
753,2,0,1
754,3,4,1
755,1,1,1
756,2,2,1
757,2,0,1
758,0,1,1
759,2,0,1
760,3,0,1
761,3,0,1
762,2,3,1
763,4,2,1
764,4,4,1
765,1,4,1
766,2,3,1
767,2,0,1
768,0,1,1
769,0,0,1
770,4,2,1
771,0,1,1
772,3,2,1
773,0,1,1
774,3,1,1
775,2,0,1
776,0,1,1
777,1,2,1
778,4,4,1
779,1,0,1
780,4,2,1
781,0,1,1
782,2,1,1
783,1,2,1
784,1,1,1
785,1,4,1
786,0,4,1
787,3,0,1
788,1,1,1
789,0,0,1
790,0,2,1
791,0,4,1
792,2,0,1
793,3,4,1
794,3,2,1
795,1,2,1
796,2,4,1
797,3,2,1
798,2,4,1
799,1,4,1
800,1,2,1
801,2,0,1
802,1,2,1
803,1,0,1
804,1,2,1
805,4,3,1
806,0,4,1
807,2,1,1
808,3,1,1
809,1,4,1
810,0,2,1
811,3,3,1
812,1,0,1
813,3,2,1
814,0,1,1
815,2,0,1
816,0,4,1
817,3,4,1
818,0,2,1
819,4,0,1
820,2,3,1
821,4,0,1
822,0,2,1
823,0,2,1
824,0,4,1
825,4,2,1
826,2,0,1
827,4,1,1
828,0,0,1
829,4,1,1
830,3,3,1
831,2,0,1
832,0,3,1
833,0,3,1
834,1,2,1
835,0,1,1
836,3,3,1
837,4,4,1
838,3,0,1
839,0,3,1
840,3,1,1
841,3,0,1
842,1,4,1
843,4,1,1
844,2,4,1
845,2,1,1
846,4,0,1
847,2,2,1
848,4,2,1
849,1,2,1
850,4,3,1
851,3,0,1
852,1,2,1
853,2,4,1
854,2,2,1
855,3,4,1
856,2,3,1
857,1,3,1
858,0,3,1
859,3,4,1
860,3,4,1
861,1,2,1
862,3,0,1
863,0,2,1
864,3,3,1
865,1,3,1
866,2,1,1
867,1,1,1
868,4,0,1
869,4,4,1
870,3,1,1
871,0,1,1
872,0,0,1
873,1,1,1
874,3,1,1
875,4,4,1
876,2,4,1
877,4,0,1
878,1,0,1
879,4,3,1
880,1,3,1
881,0,3,1
882,0,3,1
883,4,1,1
884,0,4,1
885,2,2,1
886,1,0,1
887,2,4,1
888,0,2,1
889,2,4,1
890,2,0,1
891,4,0,1
892,0,0,1
893,1,0,1
894,3,0,1
895,2,2,1
896,1,2,1
897,0,0,1
898,0,3,1
899,2,3,1
900,2,0,1
901,1,2,1
902,4,0,1
903,1,0,1
904,2,1,1
905,3,1,1
906,0,2,1
907,4,2,1
908,0,0,1
909,2,1,1
910,2,2,1
911,0,4,1
912,2,4,1
913,0,2,1
914,0,1,1
915,3,0,1
916,4,4,1
917,4,1,1
918,2,0,1
919,0,4,1
920,3,4,1
921,2,3,1
922,2,2,1
923,1,0,1
924,0,3,1
925,2,3,1
926,0,2,1
927,2,4,1
928,3,2,1
929,2,4,1
930,3,0,1
931,1,3,1
932,3,1,1
933,2,1,1
934,4,0,1
935,0,2,1
936,0,4,1
937,4,2,1
938,0,2,1
939,4,4,1
940,2,1,1
941,0,4,1
942,0,4,1
943,3,1,1
944,0,1,1
945,1,0,1
946,1,2,1
947,3,1,1
948,1,4,1
949,3,1,1
950,0,3,1
951,3,2,1
952,4,0,1
953,3,2,1
954,2,2,1
955,4,1,1
956,2,2,1
957,0,0,1
958,2,1,1
959,4,2,1
960,3,0,1
961,0,3,1
962,4,1,1
963,2,4,1
964,2,1,1
965,4,3,1
966,3,0,1
967,1,1,1
968,1,1,1
969,4,0,1
970,1,3,1
971,4,3,1
972,0,4,1
973,1,3,1
974,4,1,1
975,4,0,1
976,1,1,1
977,2,3,1
978,1,2,1
979,1,4,1
980,2,3,1
981,4,2,1
982,0,3,1
983,2,0,1
984,0,4,1
985,0,3,1
986,0,1,1
987,0,1,1
988,4,2,1
989,1,0,1
990,0,2,1
991,0,4,1
992,1,4,1
993,0,3,1
994,0,3,1
995,4,3,1
996,0,3,1
997,2,1,1
998,3,2,1
999,3,2,1
1000,3,1,1
1001,3,2,1
1002,4,4,1
1003,3,4,1
1004,1,4,1
1005,0,0,1
1006,1,1,1
1007,2,1,1
1008,2,3,1
1009,2,4,1
1010,4,0,1
1011,3,2,1
1012,4,0,0
1013,2,0,0
1014,1,1,0
1015,4,2,0
1016,0,0,0
1017,0,4,0
1018,0,4,0
1019,4,1,0
1020,2,2,0
1021,0,3,0
1022,4,1,0
1023,4,1,0
1024,1,1,0
1025,1,4,0
1026,2,3,0
1027,1,2,0
1028,4,3,0
1029,0,3,0
1030,2,2,0
1031,1,1,0
1032,3,2,0
1033,2,0,0
1034,1,3,0
1035,3,3,0
1036,3,0,0
1037,0,3,0
1038,3,0,0
1039,1,0,0
1040,0,3,0
1041,1,3,0
1042,1,4,0
1043,4,4,0
1044,3,4,0
1045,3,1,0
1046,4,0,0
1047,3,2,0
1048,4,0,0
1049,2,0,0
1050,1,3,0
1051,1,4,0
1052,4,2,0
1053,3,1,0
1054,0,0,0
1055,3,3,0
1056,2,3,0
1057,3,3,0
1058,2,2,0
1059,0,3,0
1060,0,3,0
1061,0,3,0
1062,4,4,0
1063,0,1,0
1064,3,0,0
1065,0,3,0
1066,2,3,0
1067,3,2,0
1068,3,3,0
1069,1,2,0
1070,1,4,0
1071,4,1,0
1072,4,4,0
1073,4,4,0
1074,2,4,0
1075,2,0,0
1076,1,4,0
1077,4,2,0
1078,1,0,0
1079,0,2,0
1080,2,3,0
1081,2,4,0
1082,1,3,0
1083,0,0,0
1084,3,2,0
1085,0,3,0
1086,2,4,0
1087,4,4,0
1088,3,3,0
1089,3,4,0
1090,0,0,0
1091,4,3,0
1092,0,1,0
1093,3,0,0
1094,4,3,0
1095,1,4,0
1096,1,3,0
1097,4,2,0
1098,1,1,0
1099,1,1,0
1100,4,2,0
1101,0,1,0
1102,2,0,0
1103,2,4,0
1104,4,1,0
1105,3,4,0
1106,1,3,0
1107,0,4,0
1108,1,3,0
1109,1,3,0
1110,1,3,0
1111,1,2,0
1112,2,4,0
1113,1,3,0
1114,4,0,0
1115,4,1,0
1116,1,0,0
1117,3,3,0
1118,0,3,0
1119,3,0,0
1120,1,1,0
1121,0,3,0
1122,1,1,0
1123,1,4,0
1124,2,4,0
1125,0,3,0
1126,4,3,0
1127,4,2,0
1128,4,2,0
1129,1,0,0
1130,3,4,0
1131,1,2,0
1132,0,4,0
1133,2,2,0
1134,2,2,0
1135,4,3,0
1136,0,2,0
1137,1,3,0
1138,1,4,0
1139,2,0,0
1140,3,0,0
1141,3,0,0
1142,3,4,0
1143,1,0,0
1144,2,3,0
1145,0,0,0
1146,4,3,0
1147,0,2,0
1148,3,4,0
1149,1,1,0
1150,3,0,0
1151,3,2,0
1152,1,3,0
1153,4,1,0
1154,4,4,0
1155,3,1,0
1156,0,3,0
1157,3,2,0
1158,2,2,0
1159,4,0,0
1160,4,2,0
1161,1,1,0
1162,4,1,0
1163,0,3,0
1164,2,0,0
1165,4,4,0
1166,2,4,0
1167,0,3,0
1168,3,0,0
1169,0,3,0
1170,4,0,0
1171,2,0,0
1172,0,2,0
1173,0,1,0
1174,0,2,0
1175,1,3,0
1176,3,1,0
1177,2,1,0
1178,0,1,0
1179,2,2,0
1180,0,4,0
1181,3,1,0
1182,0,0,0
1183,2,0,0
1184,0,2,0
1185,3,1,0
1186,0,3,0
1187,0,0,0
1188,1,0,0
1189,2,3,0
1190,3,2,0
1191,4,2,0
1192,3,0,0
1193,4,0,0
1194,3,1,0
1195,1,2,0
1196,3,1,0
1197,1,1,0
1198,4,1,0
1199,1,1,0
1200,4,0,0
1201,2,0,0
1202,0,2,0
1203,3,2,0
1204,3,1,0
1205,4,0,0
1206,1,0,0
1207,3,3,0
1208,4,1,0
1209,1,4,0
1210,4,4,0
1211,0,4,0
1212,4,1,0
1213,4,1,0
1214,2,4,0
1215,0,1,0
1216,2,3,0
1217,0,4,0
1218,1,2,0
1219,3,4,0
1220,1,0,0
1221,4,2,0
1222,2,3,0
1223,4,4,0
1224,3,1,0
1225,0,0,0
1226,2,1,0
1227,4,2,0
1228,3,4,0
1229,2,1,0
1230,3,2,0
1231,3,2,0
1232,0,4,0
1233,3,0,0
1234,1,3,0
1235,3,3,0
1236,3,0,0
1237,0,1,0
1238,0,4,0
1239,4,3,0
1240,2,2,0
1241,4,0,0
1242,0,3,0
1243,3,3,0
1244,2,3,0
1245,3,0,0
1246,0,0,0
1247,3,0,0
1248,3,0,0
1249,2,0,0
1250,0,2,0
1251,4,0,0
1252,3,3,0
1253,0,1,0
1254,2,3,0
1255,3,1,0
1256,2,4,0
1257,0,4,0
1258,0,3,0
1259,4,3,0
1260,4,0,0
1261,4,4,0
1262,0,0,0
1263,1,3,0
1264,2,4,0
1265,2,3,0
1266,4,1,0
1267,0,0,0
1268,0,2,0
1269,4,2,0
1270,2,4,0
1271,0,0,0
1272,3,2,0
1273,0,3,0
1274,2,2,0
1275,4,3,0
1276,1,3,0
1277,3,1,0
1278,2,1,0
1279,0,1,0
1280,0,1,0
1281,4,4,0
1282,1,3,0
1283,1,2,0
1284,2,0,0
1285,4,4,0
1286,4,1,0
1287,1,2,0
1288,1,3,0
1289,2,1,0
1290,2,0,0
1291,2,2,0
1292,3,4,0
1293,0,2,0
1294,3,4,0
1295,3,0,0
1296,1,4,0
1297,1,4,0
1298,3,2,0
1299,4,3,0
1300,4,3,0
1301,3,3,0
1302,2,2,0
1303,4,0,0
1304,3,4,0
1305,2,0,0
1306,4,3,0
1307,1,4,0
1308,4,2,0
1309,2,2,0
1310,2,0,0
1311,0,1,0
1312,2,4,0
1313,2,0,0
1314,1,0,0
1315,1,3,0
1316,4,3,0
1317,4,4,0
1318,1,3,0
1319,3,1,0
1320,4,0,0
1321,3,2,0
1322,0,4,0
1323,0,3,0
1324,4,2,0
1325,0,0,0
1326,2,4,0
1327,4,2,0
1328,1,3,0
1329,1,2,0
1330,3,3,0
1331,0,0,0
1332,2,1,0
1333,2,0,0
1334,1,4,0
1335,3,4,0
1336,3,1,0
1337,2,3,0
1338,1,3,0
1339,3,2,0
1340,3,1,0
1341,3,4,0
1342,3,2,0
1343,3,0,0
1344,4,1,0
1345,1,2,0
1346,1,2,0
1347,1,1,0
1348,4,3,0
1349,2,3,0
1350,0,4,0
1351,0,1,0
1352,0,0,0
1353,3,0,0
1354,4,1,0
1355,1,0,0
1356,4,3,0
1357,2,0,0
1358,3,2,0
1359,1,1,0
1360,2,0,0
1361,4,0,0
1362,0,0,0
1363,1,0,0
1364,4,1,0
1365,4,2,0
1366,0,0,0
1367,2,1,0
1368,3,1,0
1369,3,4,0
1370,4,4,0
1371,2,1,0
1372,0,4,0
1373,2,3,0
1374,4,2,0
1375,0,2,0
1376,2,4,0
1377,0,3,0
1378,2,1,0
1379,3,1,0
1380,2,1,0
1381,4,4,0
1382,3,1,0
1383,0,0,0
1384,2,1,0
1385,3,1,0
1386,2,4,0
1387,0,4,0
1388,2,0,0
1389,3,2,0
1390,2,1,0
1391,4,2,0
1392,1,4,0
1393,3,1,0
1394,3,4,0
1395,0,2,0
1396,3,4,0
1397,0,3,0
1398,1,1,0
1399,3,1,0
1400,3,3,0
1401,3,2,0
1402,1,3,0
1403,0,1,0
1404,1,3,0
1405,4,4,0
1406,1,4,0
1407,3,3,0
1408,0,4,0
1409,4,0,0
1410,3,0,0
1411,2,2,0
1412,2,0,0
1413,4,3,0
1414,4,1,0
1415,1,4,0
1416,1,4,0
1417,3,1,0
1418,3,2,0
1419,4,0,0
1420,0,3,0
1421,1,2,0
1422,0,0,0
1423,2,3,0
1424,4,1,0
1425,3,4,0
1426,2,0,0
1427,1,2,0
1428,4,0,0
1429,3,0,0
1430,0,2,0
1431,2,2,0
1432,0,3,0
1433,1,2,0
1434,1,0,0
1435,1,2,0
1436,4,0,0
1437,1,1,0
1438,2,3,0
1439,0,1,0
1440,4,1,0
1441,3,0,0
1442,2,2,0
1443,1,1,0
1444,1,3,0
1445,3,3,0
1446,1,4,0
1447,1,0,0
1448,1,1,0
1449,1,2,0
1450,3,1,0
1451,2,1,0
1452,4,4,0
1453,4,4,0
1454,2,3,0
1455,2,2,0
1456,1,0,0
1457,2,2,0
1458,4,2,0
1459,0,0,0
1460,2,4,0
1461,1,2,0
1462,2,4,0
1463,4,2,0
1464,3,0,0
1465,2,0,0
1466,1,0,0
1467,3,3,0
1468,3,0,0
1469,4,1,0
1470,1,0,0
1471,3,3,0
1472,0,1,0
1473,4,3,0
1474,1,4,0
1475,4,0,0
1476,4,3,0
1477,1,2,0
1478,3,0,0
1479,3,4,0
1480,0,3,0
1481,4,1,0
1482,2,4,0
1483,3,2,0
1484,4,3,0
1485,4,2,0
1486,3,0,0
1487,2,1,0
1488,2,0,0
1489,4,3,0
1490,1,4,0
1491,1,2,0
1492,0,1,0
1493,0,2,0
1494,0,3,0
1495,2,1,0
1496,4,0,0
1497,1,4,0
1498,3,1,0
1499,4,2,0
1500,4,4,0
1501,4,3,0
1502,1,4,0
1503,2,1,0
1504,4,0,0
1505,2,1,0
1506,4,2,0
1507,4,3,0
1508,1,4,0
1509,4,1,0
1510,2,3,0
1511,4,3,0
1512,4,3,0
1513,1,2,0
1514,1,2,0
1515,1,0,0
1516,3,4,0
1517,4,3,0
1518,1,2,0
1519,1,2,0
1520,3,1,0
1521,1,4,0
1522,0,3,0
1523,2,1,0
1524,4,4,0
1525,4,4,0
1526,0,0,0
1527,3,4,0
1528,1,2,0
1529,1,1,0
1530,0,0,0
1531,1,1,0
1532,4,4,0
1533,2,3,0
1534,2,1,0
1535,1,0,0
1536,2,2,0
1537,3,2,0
1538,1,3,0
1539,1,3,0
1540,0,0,0
1541,1,2,0
1542,4,1,0
1543,2,3,0
1544,4,2,0
1545,1,4,0
1546,3,3,0
1547,3,0,0
1548,0,1,0
1549,4,1,0
1550,3,3,0
1551,2,2,0
1552,0,2,0
1553,1,2,0
1554,2,1,0
1555,4,2,0
1556,2,4,0
1557,1,0,0
1558,4,0,0
1559,4,3,0
1560,1,1,0
1561,2,4,0
1562,4,1,0
1563,0,1,0
1564,0,1,0
1565,1,3,0
1566,1,0,0
1567,1,4,0
1568,1,0,0
1569,0,2,0
1570,2,0,0
1571,1,0,0
1572,1,4,0
1573,1,3,0
1574,1,0,0
1575,0,2,0
1576,1,2,0
1577,3,4,0
1578,3,2,0
1579,3,3,0
1580,0,2,0
1581,4,2,0
1582,1,0,0
1583,2,1,0
1584,4,0,0
1585,3,1,0
1586,3,4,0
1587,0,2,0
1588,0,3,0
1589,2,4,0
1590,4,2,0
1591,3,4,0
1592,0,2,0
1593,4,1,0
1594,4,0,0
1595,4,2,0
1596,3,3,0
1597,3,2,0
1598,3,4,0
1599,1,1,0
1600,3,4,0
1601,2,0,0
1602,2,2,0
1603,1,0,0
1604,2,3,0
1605,0,1,0
1606,4,1,0
1607,2,4,0
1608,4,1,0
1609,4,0,0
1610,0,0,0
1611,4,3,0
1612,3,0,0
1613,1,0,0
1614,3,2,0
1615,4,0,0
1616,3,1,0
1617,0,3,0
1618,0,0,0
1619,0,1,0
1620,2,1,0
1621,2,0,0
1622,1,0,0
1623,0,2,0
1624,2,2,0
1625,1,4,0
1626,2,3,0
1627,4,0,0
1628,1,2,0
1629,0,0,0
1630,2,2,0
1631,4,2,0
1632,1,3,0
1633,4,1,0
1634,2,2,0
1635,2,2,0
1636,3,3,0
1637,3,4,0
1638,0,4,0
1639,1,4,0
1640,3,1,0
1641,1,4,0
1642,1,4,0
1643,4,2,0
1644,3,3,0
1645,0,2,0
1646,2,4,0
1647,0,2,0
1648,3,3,0
1649,0,3,0
1650,4,4,0
1651,0,4,0
1652,2,0,0
1653,1,1,0
1654,3,4,0
1655,3,4,0
1656,0,2,0
1657,1,4,0
1658,1,3,0
1659,2,4,0
1660,4,4,0
1661,0,4,0
1662,2,1,0
1663,3,2,0
1664,4,4,0
1665,0,3,0
1666,3,1,0
1667,4,0,0
1668,1,4,0
1669,3,0,0
1670,1,2,0
1671,1,1,0
1672,4,0,0
1673,2,0,0
1674,4,1,0
1675,4,0,0
1676,2,4,0
1677,4,3,0
1678,4,1,0
1679,1,4,0
1680,3,3,0
1681,0,3,0
1682,0,2,0
1683,1,3,0
1684,4,3,0
1685,2,1,0
1686,0,4,0
1687,4,3,0
1688,1,3,0
1689,3,3,0
1690,4,3,0
1691,1,4,0
1692,4,2,0
1693,2,1,0
1694,0,4,0
1695,0,0,0
1696,2,0,0
1697,0,0,0
1698,2,3,0
1699,3,3,0
1700,0,2,0
1701,2,0,0
1702,3,2,0
1703,1,0,0
1704,0,1,0
1705,3,3,0
1706,0,3,0
1707,3,4,0
1708,4,3,0
1709,1,1,0
1710,3,1,0
1711,0,4,0
1712,4,4,0
1713,1,2,0
1714,4,1,0
1715,3,3,0
1716,1,1,0
1717,1,0,0
1718,4,1,0
1719,2,2,0
1720,0,4,0
1721,2,4,0
1722,2,3,0
1723,3,4,0
1724,2,3,0
1725,4,4,0
1726,1,4,0
1727,4,0,0
1728,2,0,0
1729,3,3,0
1730,4,2,0
1731,1,0,0
1732,0,1,0
1733,1,0,0
1734,4,3,0
1735,2,4,0
1736,3,4,0
1737,2,0,0
1738,3,0,0
1739,3,1,0
1740,3,1,0
1741,1,1,0
1742,0,2,0
1743,0,4,0
1744,1,3,0
1745,3,1,0
1746,3,0,0
1747,0,0,0
1748,4,2,0
1749,0,4,0
1750,1,1,0
1751,3,2,0
1752,4,2,0
1753,4,4,0
1754,1,4,0
1755,4,4,0
1756,1,1,0
1757,4,0,0
1758,4,2,0
1759,3,0,0
1760,0,0,0
1761,2,0,0
1762,1,3,0
1763,3,3,0
1764,0,3,0
1765,0,3,0
1766,1,0,0
1767,3,0,0
1768,2,3,0
1769,1,3,0
1770,4,1,0
1771,4,1,0
1772,2,3,0
1773,4,2,0
1774,4,0,0
1775,2,3,0
1776,3,3,0
1777,0,4,0
1778,0,4,0
1779,2,1,0
1780,4,3,0
1781,3,2,0
1782,1,1,0
1783,1,4,0
1784,1,1,0
1785,0,0,0
1786,1,1,0
1787,1,1,0
1788,0,0,0
1789,2,2,0
1790,4,2,0
1791,0,1,0
1792,1,2,0
1793,2,0,0
1794,2,2,0
1795,2,0,0
1796,3,1,0
1797,0,4,0
1798,3,2,0
1799,4,0,0
1800,4,0,0
1801,4,3,0
1802,1,2,0
1803,1,4,0
1804,2,4,0
1805,2,3,0
1806,2,1,0
1807,3,0,0
1808,2,4,0
1809,3,2,0
1810,4,1,0
1811,3,3,0
1812,3,1,0
1813,2,4,0
1814,3,2,0
1815,0,1,0
1816,4,3,0
1817,2,4,0
1818,1,3,0
1819,3,2,0
1820,3,4,0
1821,3,0,0
1822,4,1,0
1823,3,3,0
1824,0,4,0
1825,3,2,0
1826,4,1,0
1827,1,1,0
1828,2,2,0
1829,3,0,0
1830,3,3,0
1831,2,1,0
1832,0,0,0
1833,1,2,0
1834,4,3,0
1835,4,3,0
1836,0,0,0
1837,1,1,0
1838,1,4,0
1839,1,3,0
1840,4,4,0
1841,4,0,0
1842,2,1,0
1843,3,4,0
1844,3,4,0
1845,2,2,0
1846,3,0,0
1847,2,2,0
1848,3,2,0
1849,3,3,0
1850,3,1,0
1851,4,3,0
1852,2,1,0
1853,4,2,0
1854,0,0,0
1855,3,4,0
1856,0,2,0
1857,2,2,0
1858,0,0,0
1859,2,0,0
1860,1,3,0
1861,1,4,0
1862,2,1,0
1863,1,4,0
1864,0,3,0
1865,4,0,0
1866,0,1,0
1867,4,4,0
1868,0,4,0
1869,1,4,0
1870,0,0,0
1871,1,0,0
1872,0,1,0
1873,1,0,0
1874,1,4,0
1875,0,4,0
1876,1,3,0
1877,0,2,0
1878,4,2,0
1879,4,3,0
1880,4,0,0
1881,2,1,0
1882,0,0,0
1883,1,4,0
1884,2,1,0
1885,3,2,0
1886,4,2,0
1887,3,4,0
1888,1,0,0
1889,0,1,0
1890,4,4,0
1891,4,1,0
1892,4,3,0
1893,3,2,0
1894,0,3,0
1895,4,2,0
1896,4,2,0
1897,0,0,0
1898,1,1,0
1899,1,0,0
1900,3,1,0
1901,3,1,0
1902,2,0,0
1903,2,4,0
1904,2,2,0
1905,1,0,0
1906,3,1,0
1907,3,4,0
1908,3,2,0
1909,3,0,0
1910,0,4,0
1911,2,0,0
1912,3,1,0
1913,4,1,0
1914,0,1,0
1915,2,2,0
1916,0,3,0
1917,4,4,0
1918,2,0,0
1919,2,2,0
1920,3,3,0
1921,3,1,0
1922,4,2,0
1923,0,3,0
1924,1,0,0
1925,3,1,0
1926,0,0,0
1927,0,3,0
1928,3,3,0
1929,2,2,0
1930,4,3,0
1931,2,0,0
1932,2,0,0
1933,2,1,0
1934,2,4,0
1935,4,0,0
1936,3,3,0
1937,2,2,0
1938,2,4,0
1939,2,4,0
1940,1,1,0
1941,2,1,0
1942,1,3,0
1943,1,4,0
1944,0,4,0
1945,0,1,0
1946,3,1,0
1947,2,2,0
1948,3,1,0
1949,0,0,0
1950,3,0,0
1951,3,3,0
1952,0,0,0
1953,3,3,0
1954,0,0,0
1955,2,1,0
1956,0,4,0
1957,1,1,0
1958,4,2,0
1959,2,4,0
1960,2,2,0
1961,1,1,0
1962,0,0,0
1963,3,2,0
1964,1,2,0
1965,1,2,0
1966,0,0,0
1967,2,4,0
1968,1,2,0
1969,3,1,0
1970,0,3,0
1971,4,4,0
1972,4,2,0
1973,1,3,0
1974,4,2,0
1975,0,4,0
1976,0,2,0
1977,0,3,0
1978,3,3,0
1979,2,4,0
1980,4,1,0
1981,0,1,0
1982,4,2,0
1983,2,2,0
1984,4,2,0
1985,0,2,0
1986,1,2,0
1987,0,3,0
1988,0,3,0
1989,2,3,0
1990,3,0,0
1991,0,2,0
1992,3,3,0
1993,0,1,0
1994,1,2,0
1995,4,1,0
1996,1,2,0
1997,2,2,0
1998,3,3,0
1999,4,0,0
2000,4,1,0
2001,2,1,0
2002,3,2,0
2003,4,1,0
2004,2,4,0
2005,2,3,0
2006,2,2,0
2007,1,0,0
2008,4,3,0
2009,2,1,0
2010,3,0,0
2011,3,4,0
2012,0,0,0
2013,4,2,0
2014,4,1,0
2015,2,0,0
2016,2,1,0
2017,0,4,0
2018,1,2,0
2019,0,2,0
2020,4,2,0
2021,1,2,0
2022,4,3,0
2023,1,3,0
2024,1,4,0
2025,3,0,0
2026,4,3,0
2027,0,4,0
2028,4,2,0
2029,1,4,0
2030,3,3,0
2031,1,3,0
2032,1,0,0
2033,1,2,0
2034,2,1,0
2035,3,1,0
2036,1,4,0
2037,4,2,0
2038,2,0,0
2039,3,2,0
2040,1,1,0
2041,2,1,0
2042,3,1,0
2043,4,1,0
2044,1,0,0
2045,3,1,0
2046,4,2,0
2047,0,3,0
2048,4,2,0
2049,2,4,0
2050,2,4,0
2051,0,3,0
2052,4,4,0
2053,3,0,0
2054,3,2,0
2055,3,2,0
2056,1,2,0
2057,4,0,0
2058,0,3,0
2059,2,0,0
2060,2,0,0
2061,4,3,0
2062,3,2,0
2063,1,0,0
2064,4,4,0
2065,4,4,0
2066,2,3,0
2067,4,4,0
2068,2,4,0
2069,3,1,0
2070,1,0,0
2071,4,1,0
2072,3,3,0
2073,0,0,0
2074,3,2,0
2075,0,2,0
2076,4,0,0
2077,0,2,0
2078,0,1,0
2079,0,0,0
2080,4,3,0
2081,0,0,0
2082,1,1,0
2083,1,4,0
2084,1,2,0
2085,3,1,0
2086,2,0,0
2087,2,2,0
2088,3,2,0
2089,4,2,0
2090,3,1,0
2091,4,3,0
2092,2,1,0
2093,2,4,0
2094,2,3,0
2095,2,2,0
2096,1,4,0
2097,4,0,0
2098,3,1,0
2099,1,2,0
2100,2,2,0
2101,3,2,0
2102,0,3,0
2103,4,0,0
2104,0,0,0
2105,4,2,0
2106,3,2,0
2107,3,1,0
2108,2,0,0
2109,4,1,0
2110,4,2,0
2111,1,4,0
2112,1,0,0
2113,3,4,0
2114,3,4,0
2115,1,2,0
2116,2,0,0
2117,2,2,0
2118,4,2,0
2119,1,1,0
2120,4,1,0
2121,4,4,0
2122,4,4,0
2123,4,4,0
2124,2,2,0
2125,4,3,0
2126,0,0,0
2127,1,2,0
2128,0,0,0
2129,3,4,0
2130,2,1,0
2131,2,1,0
2132,4,3,0
2133,4,4,0
2134,2,4,0
2135,3,0,0
2136,3,1,0
2137,2,3,0
2138,0,3,0
2139,3,1,0
2140,0,1,0
2141,2,2,0
2142,0,4,0
2143,2,4,0
2144,2,1,0
2145,3,3,0
2146,0,0,0
2147,0,4,0
2148,2,2,0
2149,1,2,0
2150,0,3,0
2151,1,2,0
2152,0,4,0
2153,1,0,0
2154,0,2,0
2155,2,4,0
2156,4,4,0
2157,1,3,0
2158,0,2,0
2159,0,0,0
2160,3,0,0
2161,2,3,0
2162,1,3,0
2163,4,4,0
2164,2,4,0
2165,3,1,0
2166,3,1,0
2167,0,0,0
2168,0,2,0
2169,4,3,0
2170,2,4,0
2171,2,1,0
2172,1,3,0
2173,2,2,0
2174,2,0,0
2175,4,2,0
2176,2,3,0
2177,2,1,0
2178,1,3,0
2179,3,4,0
2180,0,1,0
2181,4,2,0
2182,2,2,0
2183,1,1,0
2184,1,3,0
2185,4,3,0
2186,1,3,0
2187,1,4,0
2188,4,2,0
2189,2,3,0
2190,3,1,0
2191,1,4,0
2192,1,2,0
2193,4,4,0
2194,4,3,0
2195,4,0,0
2196,1,0,0
2197,0,0,0
2198,4,1,0
2199,1,0,0
2200,1,0,0
2201,2,4,0
2202,2,3,0
2203,2,2,0
2204,0,3,0
2205,3,0,0
2206,3,0,0
2207,1,4,0
2208,3,3,0
2209,1,4,0
2210,4,4,0
2211,3,4,0
2212,2,3,0
2213,4,0,0
2214,1,3,0
2215,3,2,0
2216,2,3,0
2217,3,4,0
2218,3,0,0
2219,0,0,0
2220,2,4,0
2221,4,0,0
2222,0,1,0
2223,4,3,0
2224,1,0,0
2225,0,2,0
2226,0,2,0
2227,4,0,0
2228,4,4,0
2229,3,3,0
2230,4,0,0
2231,4,2,0
2232,2,4,0
2233,4,4,0
2234,3,1,0
2235,3,1,0
2236,3,1,0
2237,4,1,0
2238,0,4,0
2239,3,3,0
2240,3,4,0
2241,1,0,0
2242,0,2,0
2243,0,2,0
2244,0,0,0
2245,3,2,0
2246,2,1,0
2247,0,4,0
2248,4,3,0
2249,0,2,0
2250,1,3,0
2251,3,4,0
2252,3,3,0
2253,1,3,0
2254,2,1,0
2255,4,2,0
2256,2,2,0
2257,0,2,0
2258,4,0,0
2259,3,2,0
2260,4,0,0
2261,3,0,0
2262,1,0,0
2263,2,2,0
2264,1,1,0
2265,4,4,0
2266,0,2,0
2267,0,3,0
2268,3,0,0
2269,0,4,0
2270,2,4,0
2271,4,1,0
2272,4,3,0
2273,3,1,0
2274,0,4,0
2275,3,4,0
2276,1,2,0
2277,2,0,0
2278,4,3,0
2279,0,2,0
2280,2,2,0
2281,0,0,0
2282,0,0,0
2283,3,4,0
2284,3,0,0
2285,2,2,0
2286,3,0,0
2287,1,2,0
2288,3,3,0
2289,1,3,0
2290,3,3,0
2291,0,1,0
2292,2,2,0
2293,1,2,0
2294,3,0,0
2295,2,1,0
2296,1,3,0
2297,3,2,0
2298,0,3,0
2299,0,3,0
2300,2,1,0
2301,2,4,0
2302,2,0,0
2303,3,2,0
2304,1,3,0
2305,0,1,0
2306,1,2,0
2307,0,3,0
2308,1,4,0
2309,3,3,0
2310,1,1,0
2311,2,3,0
2312,1,4,0
2313,4,2,0
2314,1,4,0
2315,1,3,0
2316,0,0,0
2317,4,3,0
2318,3,2,0
2319,0,2,0
2320,2,3,0
2321,2,2,0
2322,3,1,0
2323,3,0,0
2324,4,4,0
2325,4,2,0
2326,3,3,0
2327,3,2,0
2328,1,2,0
2329,2,3,0
2330,2,1,0
2331,0,3,0
2332,1,0,0
2333,0,1,0
2334,3,1,0
2335,2,1,0
2336,0,4,0
2337,2,2,0
2338,0,4,0
2339,4,3,0
2340,2,4,0
2341,0,0,0
2342,0,0,0
2343,3,0,0
2344,4,0,0
2345,3,0,0
2346,3,1,0
2347,0,0,0
2348,2,3,0
2349,1,2,0
2350,0,0,0
2351,2,3,0
2352,3,0,0
2353,3,0,0
2354,3,4,0
2355,2,2,0
2356,0,0,0
2357,4,2,0
2358,1,0,0
2359,2,0,0
2360,0,2,0
2361,2,4,0
2362,1,4,0
2363,4,0,0
2364,0,0,0
2365,0,2,0
2366,3,3,0
2367,0,1,0
2368,4,2,0
2369,0,4,0
2370,3,1,0
2371,4,1,0
2372,3,4,0
2373,1,1,0
2374,4,3,0
2375,2,2,0
2376,1,1,0
2377,2,1,0
2378,1,2,0
2379,4,4,0
2380,2,0,0
2381,1,2,0
2382,2,0,0
2383,3,2,0
2384,0,4,0
2385,4,0,0
2386,2,1,0
2387,2,1,0
2388,4,4,0
2389,4,4,0
2390,3,0,0
2391,2,1,0
2392,2,2,0
2393,1,0,0
2394,3,0,0
2395,2,1,0
2396,4,4,0
2397,1,1,0
2398,1,1,0
2399,2,1,0
2400,0,0,0
2401,2,2,0
2402,2,0,0
2403,3,3,0
2404,2,0,0
2405,0,1,0
2406,2,2,0
2407,2,1,0
2408,0,1,0
2409,1,4,0
2410,0,4,0
2411,4,3,0
2412,2,4,0
2413,1,1,0
2414,4,1,0
2415,3,0,0
2416,1,0,0
2417,0,2,0
2418,4,4,0
2419,2,0,0
2420,1,4,0
2421,0,2,0
2422,0,3,0
2423,1,2,0
2424,2,0,0
2425,1,1,0
2426,2,2,0
2427,3,1,0
2428,2,1,0
2429,3,3,0
2430,2,0,0
2431,1,1,0
2432,1,0,0
2433,2,3,0
2434,1,3,0
2435,3,4,0
2436,1,4,0
2437,1,2,0
2438,0,0,0
2439,2,4,0
2440,2,4,0
2441,3,1,0
2442,0,1,0
2443,1,4,0
2444,2,4,0
2445,1,2,0
2446,2,0,0
2447,3,2,0
2448,2,0,0
2449,0,3,0
2450,3,1,0
2451,4,4,0
2452,0,3,0
2453,2,4,0
2454,0,0,0
2455,1,2,0
2456,2,3,0
2457,4,3,0
2458,3,0,0
2459,1,4,0
2460,2,2,0
2461,4,3,0
2462,1,0,0
2463,0,1,0
2464,0,2,0
2465,1,0,0
2466,1,4,0
2467,1,3,0
2468,1,1,0
2469,4,3,0
2470,2,0,0
2471,1,0,0
2472,2,0,0
2473,3,4,0
2474,4,3,0
2475,1,1,0
2476,4,2,0
2477,3,1,0
2478,3,1,0
2479,3,2,0
2480,3,2,0
2481,0,4,0
2482,0,3,0
2483,3,3,0
2484,1,0,0
2485,4,2,0
2486,0,3,0
2487,0,1,0
2488,0,1,0
2489,2,1,0
2490,3,3,0
2491,0,3,0
2492,4,4,0
2493,2,2,0
2494,3,3,0
2495,4,0,0
2496,4,3,0
2497,3,2,0
2498,2,3,0
2499,0,0,0
2500,1,0,0
2501,4,4,0
2502,3,0,0
2503,1,4,0
2504,3,4,0
2505,0,4,0
2506,2,2,0
2507,0,2,0
2508,3,1,0
2509,2,3,0
2510,4,3,0
2511,2,3,0
2512,3,0,0
2513,4,0,0
2514,2,2,0
2515,2,4,0
2516,2,2,0
2517,2,4,0
2518,4,2,0
2519,0,1,0
2520,2,4,0
2521,3,2,0
2522,2,1,0
2523,1,4,0
2524,3,1,0
2525,3,3,0
2526,1,3,0
2527,1,4,0
2528,2,0,0
2529,3,3,0
2530,0,2,0
2531,2,2,0
2532,1,3,0
2533,3,0,0
2534,3,2,0
2535,0,0,0
2536,2,1,0
2537,2,0,0
2538,0,2,0
2539,1,1,0
2540,4,3,0
2541,0,0,0
2542,2,2,0
2543,4,4,0
2544,1,0,0
2545,4,1,0
2546,2,1,0
2547,0,2,0
2548,3,4,0
2549,3,0,0
2550,3,1,0
2551,2,2,0
2552,2,1,0
2553,4,1,0
2554,3,0,0
2555,4,4,0
2556,2,2,0
2557,0,1,0
2558,0,2,0
2559,3,2,0
2560,2,4,0
2561,2,4,0
2562,4,0,0
2563,2,3,0
2564,4,4,0
2565,4,4,0
2566,3,4,0
2567,2,2,0
2568,1,0,0
2569,4,4,0
2570,4,0,0
2571,0,1,0
2572,2,0,0
2573,0,4,0
2574,4,2,0
2575,3,1,0
2576,0,3,0
2577,3,1,0
2578,2,4,0
2579,0,2,0
2580,3,3,0
2581,1,4,0
2582,1,3,0
2583,0,1,0
2584,2,3,0
2585,2,4,0
2586,1,0,0
2587,2,3,0
2588,1,2,0
2589,3,1,0
2590,3,3,0
2591,2,3,0
2592,3,3,0
2593,1,4,0
2594,2,2,0
2595,1,1,0
2596,0,2,0
2597,3,4,0
2598,0,1,0
2599,3,4,0
2600,3,2,0
2601,0,3,0
2602,0,3,0
2603,2,1,0
2604,2,0,0
2605,2,3,0
2606,4,4,0
2607,1,1,0
2608,2,0,0
2609,4,4,0
2610,2,2,0
2611,0,0,0
2612,3,2,0
2613,3,4,0
2614,0,0,0
2615,2,0,0
2616,3,2,0
2617,4,0,0
2618,0,0,0
2619,1,4,0
2620,2,4,0
2621,2,2,0
2622,4,3,0
2623,4,3,0
2624,1,4,0
2625,2,2,0
2626,3,2,0
2627,0,1,0
2628,4,1,0
2629,1,0,0
2630,3,2,0
2631,1,0,0
2632,4,1,0
2633,4,2,0
2634,1,4,0
2635,0,2,0
2636,2,3,0
2637,0,3,0
2638,4,2,0
2639,3,0,0
2640,2,1,0
2641,3,4,0
2642,2,1,0
2643,1,0,0
2644,4,0,0
2645,1,0,0
2646,1,3,0
2647,1,2,0
2648,0,1,0
2649,2,0,0
2650,1,3,0
2651,4,4,0
2652,2,3,0
2653,0,2,0
2654,1,3,0
2655,0,2,0
2656,4,1,0
2657,4,1,0
2658,4,3,0
2659,4,2,0
2660,2,0,0
2661,2,2,0
2662,0,0,0
2663,4,1,0
2664,4,2,0
2665,4,2,0
2666,2,0,0
2667,4,1,0
2668,0,4,0
2669,3,4,0
2670,1,1,0
2671,3,0,0
2672,2,2,0
2673,0,3,0
2674,0,1,0
2675,3,0,0
2676,2,0,0
2677,0,4,0
2678,2,0,0
2679,1,0,0
2680,0,3,0
2681,0,3,0
2682,0,2,0
2683,3,3,0
2684,2,2,0
2685,0,3,0
2686,1,0,0
2687,3,1,0
2688,3,4,0
2689,4,2,0
2690,2,1,0
2691,1,0,0
2692,1,3,0
2693,3,0,0
2694,0,2,0
2695,4,0,0
2696,0,4,0
2697,0,0,0
2698,0,1,0
2699,0,4,0
2700,3,4,0
2701,1,0,0
2702,1,3,0
2703,0,1,0
2704,2,1,0
2705,0,1,0
2706,1,2,0
2707,1,3,0
2708,2,2,0
2709,0,3,0
2710,3,4,0
2711,2,3,0
2712,2,3,0
2713,2,3,0
2714,1,2,0
2715,1,1,0
2716,4,0,0
2717,2,3,0
2718,4,0,0
2719,1,0,0
2720,4,2,0
2721,4,1,0
2722,2,4,0
2723,4,1,0
2724,1,1,0
2725,3,2,0
2726,2,1,0
2727,4,0,0
2728,2,0,0
2729,3,0,0
2730,4,3,0
2731,0,1,0
2732,2,1,0
2733,1,4,0
2734,1,0,0
2735,0,0,0
2736,3,4,0
2737,1,4,0
2738,4,3,0
2739,2,1,0
2740,3,0,0
2741,0,4,0
2742,2,2,0
2743,3,2,0
2744,1,4,0
2745,1,4,0
2746,1,0,0
2747,2,4,0
2748,1,2,0
2749,3,3,0
2750,3,0,0
2751,1,1,0
2752,0,0,0
2753,1,2,0
2754,1,2,0
2755,4,0,0
2756,3,4,0
2757,1,3,0
2758,2,1,0
2759,4,2,0
2760,0,3,0
2761,0,3,0
2762,2,2,0
2763,3,4,0
2764,4,3,0
2765,2,1,0
2766,4,3,0
2767,3,0,0
2768,4,4,0
2769,0,3,0
2770,4,4,0
2771,3,2,0
2772,0,1,0
2773,1,3,0
2774,3,1,0
2775,1,4,0
2776,4,1,0
2777,4,2,0
2778,1,3,0
2779,1,3,0
2780,1,2,0
2781,3,2,0
2782,2,2,0
2783,4,4,0
2784,2,2,0
2785,2,2,0
2786,4,1,0
2787,0,4,0
2788,1,4,0
2789,4,4,0
2790,0,1,0
2791,4,0,0
2792,1,1,0
2793,0,1,0
2794,4,4,0
2795,1,0,0
2796,2,3,0
2797,2,1,0
2798,2,2,0
2799,0,2,0
2800,1,3,0
2801,1,4,0
2802,3,3,0
2803,1,3,0
2804,0,1,0
2805,2,1,0
2806,3,1,0
2807,4,4,0
2808,4,1,0
2809,1,2,0
2810,0,2,0
2811,0,2,0
2812,4,2,0
2813,2,0,0
2814,4,4,0
2815,4,3,0
2816,1,2,0
2817,4,1,0
2818,0,3,0
2819,2,2,0
2820,1,0,0
2821,4,4,0
2822,4,1,0
2823,3,4,0
2824,1,1,0
2825,2,2,0
2826,3,2,0
2827,2,2,0
2828,4,1,0
2829,0,0,0
2830,1,1,0
2831,3,1,0
2832,1,4,0
2833,0,1,0
2834,0,1,0
2835,3,4,0
2836,3,4,0
2837,0,1,0
2838,4,0,0
2839,2,1,0
2840,3,3,0
2841,4,2,0
2842,0,2,0
2843,3,2,0
2844,2,1,0
2845,3,4,0
2846,3,1,0
2847,3,2,0
2848,1,0,0
2849,0,2,0
2850,0,0,0
2851,3,0,0
2852,1,1,0
2853,0,4,0
2854,2,1,0
2855,0,1,0
2856,4,1,0
2857,0,2,0
2858,1,1,0
2859,1,4,0
2860,0,0,0
2861,4,0,0
2862,3,4,0
2863,1,4,0
2864,3,4,0
2865,0,4,0
2866,0,3,0
2867,4,3,0
2868,2,2,0
2869,2,3,0
2870,1,3,0
2871,4,4,0
2872,4,3,0
2873,0,4,0
2874,3,3,0
2875,2,0,0
2876,4,3,0
2877,2,0,0
2878,2,4,0
2879,4,1,0
2880,2,2,0
2881,2,0,0
2882,3,2,0
2883,4,3,0
2884,4,4,0
2885,3,0,0
2886,3,4,0
2887,4,2,0
2888,1,0,0
2889,4,1,0
2890,3,4,0
2891,4,2,0
2892,0,0,0
2893,4,1,0
2894,2,2,0
2895,4,1,0
2896,4,3,0
2897,3,3,0
2898,4,4,0
2899,3,1,0
2900,2,3,0
2901,2,1,0
2902,1,0,0
2903,0,2,0
2904,0,1,0
2905,1,3,0
2906,2,1,0
2907,4,4,0
2908,1,4,0
2909,4,1,0
2910,3,3,0
2911,2,0,0
2912,2,1,0
2913,1,0,0
2914,2,4,0
2915,3,0,0
2916,2,1,0
2917,4,0,0
2918,0,2,0
2919,1,2,0
2920,4,0,0
2921,0,2,0
2922,3,4,0
2923,0,0,0
2924,4,2,0
2925,4,1,0
2926,4,2,0
2927,4,0,0
2928,3,4,0
2929,3,3,0
2930,2,0,0
2931,0,2,0
2932,4,0,0
2933,3,0,0
2934,2,0,0
2935,2,1,0
2936,0,1,0
2937,2,1,0
2938,3,1,0
2939,1,4,0
2940,0,0,0
2941,2,4,0
2942,0,1,0
2943,1,2,0
2944,4,0,0
2945,0,3,0
2946,4,0,0
2947,2,2,0
2948,4,0,0
2949,1,0,0
2950,0,2,0
2951,3,2,0
2952,0,3,0
2953,3,3,0
2954,1,2,0
2955,4,0,0
2956,2,2,0
2957,0,1,0
2958,1,2,0
2959,2,3,0
2960,0,1,0
2961,3,3,0
2962,1,2,0
2963,1,2,0
2964,0,2,0
2965,3,0,0
2966,0,3,0
2967,0,0,0
2968,1,3,0
2969,0,1,0
2970,0,3,0
2971,3,0,0
2972,2,4,0
2973,3,2,0
2974,2,2,0
2975,1,2,0
2976,4,1,0
2977,4,3,0
2978,3,0,0
2979,0,3,0
2980,3,2,0
2981,1,3,0
2982,4,3,0
2983,0,4,0
2984,1,1,0
2985,0,3,0
2986,3,4,0
2987,0,3,0
2988,4,2,0
2989,0,4,0
2990,4,4,0
2991,4,2,0
2992,2,2,0
2993,0,0,0
2994,2,2,0
2995,4,3,0
2996,2,4,0
2997,2,4,0
2998,4,2,0
2999,0,3,0
3000,2,3,0
3001,1,3,0
3002,3,2,0
3003,4,0,0
3004,0,3,0
3005,2,2,0
3006,3,3,0
3007,1,3,0
3008,0,1,0
3009,0,4,0
3010,3,4,0
3011,4,3,0
3012,1,2,0
3013,0,2,0
3014,2,4,0
3015,3,2,0
3016,4,4,0
3017,4,1,0
3018,1,4,0
3019,1,0,0
3020,2,2,0
3021,3,1,0
3022,0,0,0
3023,4,0,0
3024,2,0,0
3025,2,4,0
3026,4,4,0
3027,2,0,0
3028,3,2,0
3029,0,0,0
3030,1,2,0
3031,2,3,0
3032,4,4,0
3033,4,3,0
3034,3,3,0
3035,4,0,0
3036,4,2,0
3037,1,4,0
3038,1,2,0
3039,3,2,0
3040,4,4,0
3041,4,2,0
3042,1,3,0
3043,0,3,0
3044,4,4,0
3045,4,4,0
3046,0,0,0
3047,1,0,0
3048,0,0,0
3049,1,0,0
3050,1,1,0
3051,1,1,0
3052,0,0,0
3053,0,1,0
3054,2,3,0
3055,1,0,0
3056,1,1,0
3057,2,4,0
3058,1,4,0
3059,4,1,0
3060,2,0,0
3061,3,3,0
3062,2,2,0
3063,0,1,0
3064,1,2,0
3065,0,3,0
3066,3,1,0
3067,2,3,0
3068,3,4,0
3069,3,3,0
3070,0,4,0
3071,4,1,0
3072,0,1,0
3073,1,4,0
3074,4,3,0
3075,3,3,0
3076,0,4,0
3077,0,2,0
3078,0,3,0
3079,3,3,0
3080,0,4,0
3081,2,1,0
3082,3,3,0
3083,1,3,0
3084,0,1,0
3085,1,1,0
3086,4,1,0
3087,2,4,0
3088,1,4,0
3089,4,3,0
3090,1,0,0
3091,3,1,0
3092,0,3,0
3093,0,3,0
3094,0,1,0
3095,4,3,0
3096,2,0,0
3097,1,1,0
3098,2,0,0
3099,3,1,0
3100,1,2,0
3101,3,1,0
3102,4,2,0
3103,2,1,0
3104,1,0,0
3105,4,0,0
3106,0,2,0
3107,2,4,0
3108,3,1,0
3109,4,2,0
3110,4,4,0
3111,4,3,0
3112,1,0,0
3113,3,0,0
3114,0,1,0
3115,4,0,0
3116,0,2,0
3117,2,1,0
3118,4,3,0
3119,1,0,0
3120,4,0,0
3121,0,0,0
3122,0,0,0
3123,3,3,0
3124,3,4,0
3125,1,1,0
3126,0,0,0
3127,0,0,0
3128,0,3,0
3129,3,3,0
3130,2,3,0
3131,3,3,0
3132,1,4,0
3133,4,0,0
3134,3,2,0
3135,4,1,0
3136,1,2,0
3137,2,0,0
3138,1,4,0
3139,2,3,0
3140,1,1,0
3141,0,1,0
3142,2,2,0
3143,0,0,0
3144,3,4,0
3145,1,0,0
3146,1,3,0
3147,1,3,0
3148,2,0,0
3149,2,3,0
3150,2,4,0
3151,0,4,0
3152,0,4,0
3153,0,3,0
3154,0,4,0
3155,0,0,0
3156,3,2,0
3157,4,2,0
3158,1,4,0
3159,0,3,0
3160,4,4,0
3161,2,0,0
3162,3,1,0
3163,0,3,0
3164,1,2,0
3165,4,1,0
3166,1,2,0
3167,0,2,0
3168,2,0,0
3169,4,3,0
3170,1,2,0
3171,1,1,0
3172,3,1,0
3173,4,1,0
3174,4,1,0
3175,3,0,0
3176,2,3,0
3177,4,3,0
3178,4,4,0
3179,3,4,0
3180,2,2,0
3181,2,0,0
3182,2,4,0
3183,2,0,0
3184,4,4,0
3185,3,1,0
3186,1,3,0
3187,0,4,0
3188,4,2,0
3189,2,3,0
3190,0,1,0
3191,0,3,0
3192,1,3,0
3193,4,3,0
3194,2,4,0
3195,2,2,0
3196,2,0,0
3197,4,1,0
3198,2,0,0
3199,1,0,0
3200,1,1,0
3201,4,4,0
3202,2,3,0
3203,4,0,0
3204,3,4,0
3205,2,0,0
3206,3,4,0
3207,1,4,0
3208,3,1,0
3209,3,1,0
3210,3,1,0
3211,4,1,0
3212,0,4,0
3213,3,4,0
3214,2,4,0
3215,2,2,0
3216,0,4,0
3217,1,0,0
3218,2,0,0
3219,0,4,0
3220,0,0,0
3221,2,2,0
3222,2,0,0
3223,2,2,0
3224,4,4,0
3225,2,4,0
3226,3,3,0
3227,3,1,0
3228,0,3,0
3229,2,0,0
3230,4,0,0
3231,0,4,0
3232,4,3,0
3233,4,0,0
3234,1,3,0
3235,1,2,0
3236,4,3,0
3237,3,2,0
3238,3,2,0
3239,4,1,0
3240,0,1,0
3241,0,0,0
3242,1,2,0
3243,1,4,0
3244,4,1,0
3245,4,3,0
3246,1,0,0
3247,4,1,0
3248,1,0,0
3249,2,3,0
3250,3,1,0
3251,3,1,0
3252,4,3,0
3253,3,2,0
3254,1,0,0
3255,0,2,0
3256,1,4,0
3257,1,1,0
3258,2,0,0
3259,0,0,0
3260,2,0,0
3261,1,0,0
3262,3,0,0
3263,1,0,0
3264,0,4,0
3265,2,3,0
3266,0,0,0
3267,0,1,0
3268,2,4,0
3269,4,0,0
3270,1,2,0
3271,0,2,0
3272,0,0,0
3273,2,0,0
3274,1,4,0
3275,0,1,0
3276,1,4,0
3277,1,0,0
3278,0,1,0
3279,4,1,0
3280,0,4,0
3281,0,1,0
3282,2,2,0
3283,4,3,0
3284,1,2,0
3285,3,4,0
3286,4,2,0
3287,0,3,0
3288,4,1,0
3289,1,3,0
3290,0,4,0
3291,4,0,0
3292,4,2,0
3293,4,3,0
3294,3,3,0
3295,2,3,0
3296,4,2,0
3297,1,3,0
3298,1,2,0
3299,3,4,0
3300,4,0,0
3301,0,3,0
3302,3,3,0
3303,2,1,0
3304,2,1,0
3305,3,4,0
3306,2,4,0
3307,2,1,0
3308,0,4,0
3309,1,1,0
3310,4,0,0
3311,2,1,0
3312,1,4,0
3313,0,2,0
3314,4,1,0
3315,2,1,0
3316,1,0,0
3317,0,2,0
3318,1,4,0
3319,2,1,0
3320,1,0,0
3321,2,3,0
3322,2,0,0
3323,0,3,0
3324,0,1,0
3325,0,4,0
3326,2,3,0
3327,2,0,0
3328,4,2,0
3329,1,3,0
3330,3,0,0
3331,1,3,0
3332,0,1,0
3333,0,2,0
3334,2,1,0
3335,1,1,0
3336,3,4,0
3337,0,0,0
3338,3,1,0
3339,4,4,0
3340,2,1,0
3341,0,3,0
3342,3,3,0
3343,0,1,0
3344,2,2,0
3345,2,2,0
3346,1,0,0
3347,1,2,0
3348,3,0,0
3349,4,4,0
3350,2,4,0
3351,3,4,0
3352,3,2,0
3353,4,2,0
3354,4,4,0
3355,0,1,0
3356,3,0,0
3357,0,4,0
3358,0,4,0
3359,3,0,0
3360,4,3,0
3361,0,1,0
3362,2,3,0
3363,4,1,0
3364,0,0,0
3365,4,2,0
3366,0,3,0
3367,4,1,0
3368,0,2,0
3369,1,3,0
3370,0,3,0
3371,2,0,0
3372,1,1,0
3373,4,2,0
3374,1,4,0
3375,4,3,0
3376,3,2,0
3377,2,1,0
3378,4,1,0
3379,2,2,0
3380,4,0,0
3381,3,4,0
3382,1,4,0
3383,0,0,0
3384,1,3,0
3385,3,3,0
3386,4,1,0
3387,4,2,0
3388,3,4,0
3389,3,0,0
3390,2,0,0
3391,1,3,0
3392,0,3,0
3393,1,0,0
3394,2,1,0
3395,1,0,0
3396,0,1,0
3397,2,1,0
3398,4,2,0
3399,3,4,0
3400,4,4,0
3401,1,4,0
3402,3,3,0
3403,2,2,0
3404,0,2,0
3405,3,2,0
3406,2,2,0
3407,1,1,0
3408,1,1,0
3409,0,1,0
3410,3,2,0
3411,3,3,0
3412,4,3,0
3413,4,1,0
3414,2,2,0
3415,0,2,0
3416,3,4,0
3417,0,1,0
3418,4,1,0
3419,2,1,0
3420,2,4,0
3421,4,3,0
3422,1,2,0
3423,1,3,0
3424,1,3,0
3425,3,4,0
3426,1,1,0
3427,4,1,0
3428,4,3,0
3429,3,4,0
3430,0,4,0
3431,3,4,0
3432,1,2,0
3433,0,3,0
3434,1,0,0
3435,3,2,0
3436,2,1,0
3437,0,2,0
3438,1,2,0
3439,2,4,0
3440,0,1,0
3441,4,1,0
3442,3,0,0
3443,2,4,0
3444,1,2,0
3445,3,4,0
3446,3,3,0
3447,0,1,0
3448,2,3,0
3449,0,3,0
3450,1,0,0
3451,4,3,0
3452,0,0,0
3453,4,4,0
3454,2,0,0
3455,2,3,0
3456,4,4,0
3457,4,0,0
3458,4,2,0
3459,0,4,0
3460,0,2,0
3461,4,1,0
3462,3,4,0
3463,3,1,0
3464,3,0,0
3465,3,2,0
3466,1,2,0
3467,3,3,0
3468,4,2,0
3469,4,0,0
3470,4,1,0
3471,2,4,0
3472,2,4,0
3473,0,4,0
3474,4,4,0
3475,3,1,0
3476,0,0,0
3477,3,3,0
3478,2,0,0
3479,3,1,0
3480,3,0,0
3481,2,1,0
3482,2,4,0
3483,0,1,0
3484,1,2,0
3485,3,4,0
3486,1,2,0
3487,3,4,0
3488,3,1,0
3489,2,3,0
3490,3,0,0
3491,4,0,0
3492,2,3,0
3493,0,3,0
3494,3,2,0
3495,0,0,0
3496,3,4,0
3497,1,2,0
3498,1,4,0
3499,1,2,0
3500,0,3,0
3501,2,3,0
3502,0,1,0
3503,0,0,0
3504,1,2,0
3505,2,0,0
3506,3,3,0
3507,3,0,0
3508,1,3,0
3509,3,0,0
3510,1,1,0
3511,2,2,0
3512,0,2,0
3513,0,2,0
3514,1,1,0
3515,0,2,0
3516,2,2,0
3517,2,1,0
3518,4,3,0
3519,2,1,0
3520,0,4,0
3521,1,3,0
3522,4,1,0
3523,2,4,0
3524,2,0,0
3525,0,3,0
3526,1,2,0
3527,0,2,0
3528,2,1,0
3529,4,4,0
3530,4,1,1
3531,4,2,1
3532,2,2,1
3533,1,2,1
3534,2,0,1
3535,0,4,1
3536,3,1,1
3537,4,1,1
3538,3,1,1
3539,4,4,1
3540,1,1,1
3541,2,3,1
3542,1,0,1
3543,4,1,1
3544,3,1,1
3545,0,0,1
3546,1,4,1
3547,3,2,1
3548,1,2,1
3549,4,2,1
3550,0,1,1
3551,1,2,1
3552,1,2,1
3553,1,3,1
3554,2,0,1
3555,1,3,1
3556,3,4,1
3557,4,4,1
3558,3,2,1
3559,4,2,1
3560,2,3,1
3561,4,1,1
3562,4,2,1
3563,2,0,1
3564,2,0,1
3565,2,4,1
3566,0,4,1
3567,4,1,1
3568,1,2,1
3569,3,2,1
3570,4,3,1
3571,1,0,1
3572,4,2,1
3573,0,3,1
3574,4,1,1
3575,0,1,1
3576,1,3,1
3577,4,2,1
3578,3,3,1
3579,1,1,1
3580,3,1,1
3581,4,4,1
3582,3,2,1
3583,4,4,1
3584,1,2,1
3585,1,1,1
3586,0,0,1
3587,2,0,1
3588,2,2,1
3589,4,4,1
3590,3,0,1
3591,3,4,1
3592,4,1,1
3593,0,1,1
3594,0,4,1
3595,2,3,1
3596,0,2,1
3597,1,4,1
3598,2,3,1
3599,4,2,1
3600,1,0,1
3601,4,1,1
3602,3,1,1
3603,0,3,1
3604,0,1,1
3605,4,1,1
3606,0,0,1
3607,2,2,1
3608,0,3,1
3609,2,4,1
3610,3,4,1
3611,1,0,1
3612,0,0,1
3613,4,2,1
3614,1,4,1
3615,2,4,1
3616,0,1,1
3617,2,1,1
3618,4,3,1
3619,1,2,1
3620,1,0,1
3621,1,0,1
3622,4,0,1
3623,2,1,1
3624,0,1,1
3625,0,3,1
3626,0,3,1
3627,3,4,1
3628,3,1,1
3629,0,0,1
3630,1,4,1
3631,4,0,1
3632,3,2,1
3633,3,1,1
3634,3,2,1
3635,0,2,1
3636,1,2,1
3637,2,2,1
3638,3,3,1
3639,4,1,1
3640,2,0,1
3641,2,0,1
3642,2,4,1
3643,0,3,1
3644,1,1,1
3645,2,3,1
3646,2,3,1
3647,0,0,1
3648,1,1,1
3649,4,0,1
3650,0,4,1
3651,4,2,1
3652,0,2,1
3653,0,4,1
3654,0,4,1
3655,4,3,1
3656,3,2,1
3657,4,0,1
3658,4,4,1
3659,3,1,1
3660,3,3,1
3661,4,3,1
3662,4,2,1
3663,0,4,1
3664,0,0,1
3665,0,2,1
3666,1,0,1
3667,4,1,1
3668,4,0,1
3669,2,4,1
3670,1,2,1
3671,2,4,1
3672,3,0,1
3673,4,1,1
3674,1,3,1
3675,4,4,1
3676,1,2,1
3677,4,0,1
3678,2,4,1
3679,1,3,1
3680,3,0,1
3681,3,2,1
3682,0,1,1
3683,3,2,1
3684,3,0,1
3685,1,0,1
3686,1,0,1
3687,2,1,1
3688,2,0,1
3689,1,3,1
3690,3,3,1
3691,0,3,1
3692,1,0,1
3693,4,3,1
3694,0,2,1
3695,3,3,1
3696,2,2,1
3697,0,3,1
3698,0,0,1
3699,0,4,1
3700,3,0,1
3701,2,2,1
3702,4,3,1
3703,2,4,1
3704,3,1,1
3705,0,0,1
3706,1,4,1
3707,0,0,1
3708,3,4,1
3709,0,3,1
3710,0,0,1
3711,3,1,1
3712,1,0,1
3713,4,0,1
3714,3,4,1
3715,0,3,1
3716,4,0,1
3717,3,2,1
3718,2,4,1
3719,1,1,1
3720,0,3,1
3721,4,3,1
3722,3,1,1
3723,1,3,1
3724,1,0,1
3725,3,2,1
3726,4,0,1
3727,3,2,1
3728,4,2,1
3729,3,2,1
3730,4,0,1
3731,3,1,1
3732,3,4,1
3733,4,0,1
3734,4,1,1
3735,1,4,1
3736,2,0,1
3737,0,1,1
3738,4,0,1
3739,2,2,1
3740,2,1,1
3741,1,0,1
3742,0,3,1
3743,0,4,1
3744,2,3,1
3745,4,2,1
3746,0,3,1
3747,1,3,1
3748,4,0,1
3749,4,3,1
3750,0,4,1
3751,0,2,1
3752,2,0,1
3753,0,0,1
3754,4,4,1
3755,1,0,1
3756,4,0,1
3757,2,1,1
3758,1,0,1
3759,3,2,1
3760,1,2,1
3761,2,0,1
3762,3,4,1
3763,4,0,1
3764,3,4,1
3765,0,2,1
3766,2,3,1
3767,1,0,1
3768,3,3,1
3769,3,3,1
3770,3,0,1
3771,4,0,1
3772,2,3,1
3773,4,4,1
3774,0,4,1
3775,2,2,1
3776,1,2,1
3777,2,1,1
3778,1,1,1
3779,2,4,1
3780,0,0,1
3781,2,2,1
3782,4,0,1
3783,4,1,1
3784,1,2,1
3785,1,2,1
3786,4,0,1
3787,0,4,1
3788,1,2,1
3789,4,1,1
3790,0,0,1
3791,1,4,1
3792,0,1,1
3793,0,2,1
3794,0,2,1
3795,2,3,1
3796,1,4,1
3797,2,2,1
3798,3,2,1
3799,0,1,1
3800,4,3,1
3801,3,3,1
3802,4,4,1
3803,4,2,1
3804,1,1,1
3805,1,0,1
3806,0,4,1
3807,0,3,1
3808,3,3,1
3809,1,4,1
3810,3,4,1
3811,2,4,1
3812,0,0,1
3813,1,3,1
3814,3,3,1
3815,3,0,1
3816,1,0,1
3817,2,1,1
3818,1,1,1
3819,0,1,1
3820,4,1,1
3821,0,2,1
3822,3,1,1
3823,4,2,1
3824,0,4,1
3825,3,0,1
3826,2,0,1
3827,4,0,1
3828,2,4,1
3829,2,2,1
3830,2,3,1
3831,1,0,1
3832,1,1,1
3833,4,4,1
3834,3,3,1
3835,2,2,1
3836,4,3,1
3837,2,0,1
3838,2,0,1
3839,0,1,1
3840,4,3,1
3841,4,3,1
3842,0,0,1
3843,0,2,1
3844,0,4,1
3845,3,3,1
3846,0,4,1
3847,4,3,1
3848,2,3,1
3849,0,2,1
3850,3,2,1
3851,0,0,1
3852,1,0,1
3853,1,2,1
3854,2,3,1
3855,0,1,1
3856,3,3,1
3857,1,4,1
3858,2,1,1
3859,0,4,1
3860,4,2,1
3861,3,0,1
3862,1,4,1
3863,4,2,1
3864,1,1,1
3865,4,4,1
3866,2,1,1
3867,4,3,1
3868,4,3,1
3869,3,1,1
3870,3,3,1
3871,2,0,1
3872,4,4,1
3873,2,0,1
3874,1,4,1
3875,1,3,1
3876,1,2,1
3877,2,0,1
3878,0,2,1
3879,0,1,1
3880,2,4,1
3881,1,0,1
3882,3,2,1
3883,2,1,1
3884,1,4,1
3885,1,1,1
3886,2,3,1
3887,4,3,1
3888,4,1,1
3889,0,2,1
3890,1,3,1
3891,0,4,1
3892,2,4,1
3893,1,4,1
3894,3,1,1
3895,1,3,1
3896,1,3,1
3897,2,1,1
3898,3,0,1
3899,4,3,1
3900,2,4,1
3901,0,4,1
3902,0,3,1
3903,2,1,1
3904,2,3,1
3905,2,2,1
3906,2,0,1
3907,4,2,1
3908,2,3,1
3909,3,3,1
3910,3,2,1
3911,0,4,1
3912,4,2,1
3913,1,3,1
3914,1,2,1
3915,2,1,1
3916,2,0,1
3917,4,3,1
3918,3,2,1
3919,3,3,1
3920,4,0,1
3921,1,0,1
3922,4,1,1
3923,2,3,1
3924,3,2,1
3925,3,3,1
3926,0,0,1
3927,4,0,1
3928,0,1,1
3929,4,0,1
3930,2,2,1
3931,3,3,1
3932,0,2,1
3933,2,4,1
3934,2,3,1
3935,0,0,1
3936,4,4,1
3937,2,2,1
3938,2,3,1
3939,3,4,1
3940,1,3,1
3941,1,4,1
3942,1,2,1
3943,0,0,1
3944,2,0,1
3945,1,2,1
3946,4,3,1
3947,3,3,1
3948,1,0,1
3949,3,4,1
3950,0,2,1
3951,3,2,1
3952,4,0,1
3953,1,2,1
3954,3,1,1
3955,3,2,1
3956,1,3,1
3957,4,2,1
3958,0,2,1
3959,4,0,1
3960,1,4,1
3961,0,2,1
3962,3,2,1
3963,3,0,1
3964,2,0,1
3965,2,1,1
3966,1,2,1
3967,0,1,1
3968,3,3,1
3969,2,4,1
3970,1,0,1
3971,1,3,1
3972,3,4,1
3973,2,4,1
3974,0,3,1
3975,4,2,1
3976,0,4,1
3977,1,4,1
3978,4,0,1
3979,0,1,1
3980,0,0,1
3981,2,0,1
3982,4,1,1
3983,4,3,1
3984,3,2,1
3985,4,0,1
3986,3,4,1
3987,0,0,1
3988,3,2,1
3989,3,3,1
3990,1,4,1
3991,1,4,1
3992,4,3,1
3993,2,0,1
3994,4,2,1
3995,3,2,1
3996,2,4,1
3997,1,0,1
3998,3,4,1
3999,0,4,1
4000,4,2,1
4001,3,3,1
4002,3,2,1
4003,3,1,1
4004,4,4,1
4005,1,1,1
4006,3,3,1
4007,1,4,1
4008,0,3,1
4009,1,1,1
4010,0,1,1
4011,2,1,1
4012,3,4,1
4013,0,0,1
4014,4,3,1
4015,4,4,1
4016,3,0,1
4017,3,2,1
4018,1,1,1
4019,2,4,1
4020,4,3,1
4021,0,0,1
4022,1,4,1
4023,2,0,1
4024,2,2,1
4025,2,4,1
4026,2,0,1
4027,2,4,1
4028,0,3,1
4029,2,1,1
4030,4,4,1
4031,4,1,1
4032,2,2,1
4033,1,0,1
4034,4,3,1
4035,1,3,1
4036,1,1,1
4037,4,4,1
4038,4,1,1
4039,3,0,1
4040,1,2,1
4041,4,1,1
4042,0,2,1
4043,2,0,1
4044,1,1,1
4045,2,4,1
4046,0,3,1
4047,4,2,1
4048,4,3,1
4049,4,4,1
4050,3,3,1
4051,4,1,1
4052,4,2,1
4053,1,0,1
4054,2,4,1
4055,0,3,1
4056,3,2,1
4057,2,3,1
4058,0,2,1
4059,2,0,1
4060,3,3,1
4061,1,0,1
4062,1,1,1
4063,4,0,1
4064,3,3,1
4065,0,4,1
4066,4,4,1
4067,1,4,1
4068,4,2,1
4069,4,4,1
4070,1,1,1
4071,3,1,1
4072,4,2,1
4073,4,4,1
4074,1,2,1
4075,3,3,1
4076,4,3,1
4077,2,4,1
4078,0,1,1
4079,2,3,1
4080,4,2,1
4081,2,1,1
4082,3,2,1
4083,4,4,1
4084,1,3,1
4085,1,3,1
4086,2,0,1
4087,1,0,1
4088,3,1,1
4089,1,3,1
4090,0,4,1
4091,4,4,1
4092,1,1,1
4093,4,1,1
4094,2,1,1
4095,4,1,1
4096,3,4,1
4097,4,4,1
4098,4,4,1
4099,4,2,1
4100,3,2,1
4101,1,2,1
4102,0,0,1
4103,0,3,1
4104,2,2,1
4105,3,0,1
4106,2,1,1
4107,3,2,1
4108,4,0,1
4109,1,4,1
4110,0,4,1
4111,4,0,1
4112,3,0,1
4113,4,4,1
4114,0,4,1
4115,1,0,1
4116,3,3,1
4117,3,2,1
4118,2,4,1
4119,4,1,1
4120,4,4,1
4121,0,4,1
4122,2,2,1
4123,3,2,1
4124,3,2,1
4125,4,4,1
4126,2,3,1
4127,0,3,1
4128,1,1,1
4129,4,1,1
4130,2,0,1
4131,2,2,1
4132,1,0,1
4133,1,3,1
4134,2,3,1
4135,2,4,1
4136,1,1,1
4137,1,3,1
4138,2,4,1
4139,0,1,1
4140,4,4,1
4141,3,3,1
4142,4,4,1
4143,0,3,1
4144,0,1,1
4145,4,4,1
4146,0,2,1
4147,1,2,1
4148,3,2,1
4149,1,3,1
4150,0,2,1
4151,2,4,1
4152,2,1,1
4153,1,2,1
4154,4,1,1
4155,1,4,1
4156,0,0,1
4157,0,0,1
4158,3,2,1
4159,1,2,1
4160,0,4,1
4161,0,2,1
4162,3,0,1
4163,3,2,1
4164,4,3,1
4165,4,1,1
4166,1,4,1
4167,1,0,1
4168,4,2,1
4169,1,0,1
4170,1,4,1
4171,1,1,1
4172,3,3,1
4173,2,3,1
4174,2,4,1
4175,3,1,1
4176,0,1,1
4177,2,1,1
4178,1,0,1
4179,1,4,1
4180,2,3,1
4181,1,4,1
4182,4,2,1
4183,4,3,1
4184,1,3,1
4185,4,4,1
4186,3,2,1
4187,0,2,1
4188,3,2,1
4189,4,0,1
4190,2,1,1
4191,4,4,1
4192,3,3,1
4193,2,0,1
4194,2,1,1
4195,2,0,1
4196,4,2,1
4197,0,1,1
4198,3,1,1
4199,1,0,1
4200,2,2,1
4201,4,1,1
4202,1,2,1
4203,4,2,1
4204,4,2,1
4205,0,2,1
4206,2,2,1
4207,3,4,1
4208,0,3,1
4209,3,2,1
4210,0,4,1
4211,2,2,1
4212,3,4,1
4213,0,2,1
4214,1,3,1
4215,4,2,1
4216,4,0,1
4217,2,4,1
4218,0,1,1
4219,3,0,1
4220,4,1,1
4221,4,4,1
4222,4,0,1
4223,0,0,1
4224,4,3,1
4225,2,0,1
4226,1,1,1
4227,2,1,1
4228,2,3,1
4229,3,4,1
4230,0,0,1
4231,0,3,1
4232,2,1,1
4233,3,3,1
4234,2,0,1
4235,4,3,1
4236,3,3,1
4237,1,0,1
4238,0,2,1
4239,2,0,1
4240,1,0,1
4241,3,3,1
4242,1,0,1
4243,0,1,1
4244,4,2,1
4245,0,2,1
4246,1,3,1
4247,2,3,1
4248,2,4,1
4249,4,2,1
4250,2,3,1
4251,1,1,1
4252,4,2,1
4253,1,2,1
4254,2,1,1
4255,4,0,1
4256,3,4,1
4257,0,1,1
4258,3,1,1
4259,4,4,1
4260,0,4,1
4261,2,0,1
4262,2,0,1
4263,2,1,1
4264,4,0,1
4265,2,3,1
4266,1,0,1
4267,1,0,1
4268,0,3,1
4269,0,1,1
4270,4,1,1
4271,4,0,1
4272,2,1,1
4273,2,1,1
4274,4,2,1
4275,0,2,1
4276,4,0,1
4277,0,4,1
4278,0,3,1
4279,4,4,1
4280,0,4,1
4281,2,0,1
4282,3,0,1
4283,1,3,1
4284,1,4,1
4285,3,1,1
4286,1,1,1
4287,0,1,1
4288,1,0,1
4289,4,4,1
4290,4,3,1
4291,4,4,1
4292,1,3,1
4293,0,4,1
4294,4,1,1
4295,1,3,1
4296,2,0,1
4297,4,3,1
4298,3,4,1
4299,4,3,1
4300,1,2,1
4301,3,0,1
4302,1,1,1
4303,2,3,1
4304,3,4,1
4305,2,4,1
4306,0,2,1
4307,2,3,1
4308,3,3,1
4309,4,0,1
4310,4,2,1
4311,2,0,1
4312,4,1,1
4313,4,2,1
4314,0,3,1
4315,3,4,1
4316,3,4,1
4317,0,1,1
4318,1,4,1
4319,4,3,1
4320,0,4,1
4321,2,4,1
4322,0,3,1
4323,4,1,1
4324,4,2,1
4325,4,3,1
4326,4,1,1
4327,2,3,1
4328,4,3,1
4329,2,2,1
4330,0,1,1
4331,1,3,1
4332,3,2,1
4333,1,3,1
4334,0,1,1
4335,0,2,1
4336,2,2,1
4337,3,4,1
4338,0,1,1
4339,0,4,1
4340,0,4,1
4341,3,0,1
4342,3,2,1
4343,0,2,1
4344,3,4,1
4345,3,1,1
4346,0,1,1
4347,1,4,1
4348,3,3,1
4349,3,0,1
4350,3,3,1
4351,3,1,1
4352,3,1,1
4353,3,2,1
4354,0,2,1
4355,0,1,1
4356,0,2,1
4357,0,2,1
4358,4,4,1
4359,1,3,1
4360,4,3,1
4361,2,0,1
4362,1,3,1
4363,3,4,1
4364,3,4,1
4365,2,0,1
4366,3,2,1
4367,1,1,1
4368,0,3,1
4369,3,2,1
4370,2,2,1
4371,0,1,1
4372,3,4,1
4373,1,0,1
4374,3,1,1
4375,2,2,1
4376,2,2,1
4377,2,3,1
4378,3,4,1
4379,2,2,1
4380,0,4,1
4381,1,2,1
4382,3,4,1
4383,3,1,1
4384,1,4,1
4385,1,3,1
4386,1,1,1
4387,3,1,1
4388,1,1,1
4389,2,3,1
4390,3,1,1
4391,4,1,1
4392,1,4,1
4393,3,1,1
4394,0,3,1
4395,1,3,1
4396,3,0,1
4397,2,4,1
4398,1,4,1
4399,1,3,1
4400,1,0,1
4401,1,4,1
4402,4,1,1
4403,3,1,1
4404,2,0,1
4405,2,2,1
4406,3,0,1
4407,2,1,1
4408,0,1,1
4409,4,4,1
4410,0,3,1
4411,3,0,1
4412,1,2,1
4413,4,3,1
4414,2,0,1
4415,1,2,1
4416,2,2,1
4417,2,4,1
4418,0,3,1
4419,4,1,1
4420,0,0,1
4421,1,3,1
4422,1,4,1
4423,4,2,1
4424,1,4,1
4425,1,1,1
4426,3,3,1
4427,1,3,1
4428,3,2,1
4429,2,0,1
4430,4,0,1
4431,0,0,1
4432,3,1,1
4433,3,3,1
4434,3,1,1
4435,1,0,1
4436,1,3,1
4437,2,4,1
4438,1,3,1
4439,4,0,1
4440,2,3,1
4441,4,1,1
4442,1,3,1
4443,1,2,1
4444,0,2,1
4445,2,2,1
4446,3,0,1
4447,4,4,1
4448,2,2,1
4449,4,2,1
4450,4,3,1
4451,4,4,1
4452,0,1,1
4453,0,4,1
4454,4,0,1
4455,3,1,1
4456,3,4,1
4457,0,3,1
4458,4,3,1
4459,3,0,1
4460,2,4,1
4461,4,2,1
4462,4,2,1
4463,3,2,1
4464,2,1,1
4465,1,0,1
4466,2,0,1
4467,4,3,1
4468,2,4,1
4469,2,0,1
4470,3,0,1
4471,3,3,1
4472,1,0,1
4473,3,4,1
4474,3,1,1
4475,4,1,1
4476,3,2,1
4477,4,0,1
4478,2,4,1
4479,2,4,1
4480,3,2,1
4481,2,2,1
4482,2,1,1
4483,3,2,1
4484,2,0,1
4485,1,3,1
4486,2,0,1
4487,4,3,1
4488,0,2,1
4489,0,2,1
4490,0,1,1
4491,0,2,1
4492,4,1,1
4493,1,0,1
4494,1,1,1
4495,4,3,1
4496,4,2,1
4497,1,0,1
4498,1,3,1
4499,0,2,1
4500,3,0,1
4501,0,0,1
4502,1,2,1
4503,1,4,1
4504,3,1,1
4505,2,3,1
4506,3,1,1
4507,1,2,1
4508,1,3,1
4509,1,2,1
4510,0,1,1
4511,1,0,1
4512,2,3,1
4513,3,1,1
4514,4,1,1
4515,2,0,1
4516,3,0,1
4517,3,3,1
4518,2,4,1
4519,3,0,1
4520,4,4,1
4521,3,1,1
4522,1,3,1
4523,4,3,1
4524,0,3,1
4525,4,2,1
4526,0,4,1
4527,2,3,1
4528,3,4,1
4529,3,1,1
4530,1,4,1
4531,1,0,1
4532,0,3,1
4533,0,0,1
4534,0,3,1
4535,1,1,1
4536,1,3,1
4537,1,3,1
4538,1,0,1
4539,0,1,1
4540,1,3,1
4541,4,2,1
4542,1,3,1
4543,1,3,1
4544,4,2,1
4545,2,3,1
4546,3,0,1
4547,0,1,1
4548,3,4,1
4549,1,0,1
4550,4,0,1
4551,4,0,1
4552,4,1,1
4553,1,1,1
4554,2,0,1
4555,4,1,1
4556,1,2,1
4557,4,4,1
4558,1,1,1
4559,0,4,1
4560,2,2,1
4561,1,0,1
4562,2,4,1
4563,3,1,1
4564,2,3,1
4565,1,4,1
4566,1,2,1
4567,4,4,1
4568,0,3,1
4569,4,3,1
4570,4,2,1
4571,2,1,1
4572,0,1,1
4573,3,1,1
4574,3,0,1
4575,2,0,1
4576,2,4,1
4577,0,4,1
4578,2,1,1
4579,1,0,1
4580,1,0,1
4581,1,0,1
4582,4,4,1
4583,4,2,1
4584,0,3,1
4585,3,2,1
4586,2,4,1
4587,3,0,1
4588,0,3,1
4589,4,1,1
4590,0,4,1
4591,2,3,1
4592,1,2,1
4593,3,4,1
4594,3,0,1
4595,0,4,1
4596,1,2,1
4597,2,0,1
4598,1,0,1
4599,4,2,1
4600,3,0,1
4601,0,2,1
4602,3,1,1
4603,2,1,1
4604,3,4,1
4605,2,4,1
4606,3,2,1
4607,4,3,1
4608,2,0,1
4609,2,0,1
4610,3,2,1
4611,1,0,1
4612,0,3,1
4613,3,1,1
4614,3,1,1
4615,3,2,1
4616,1,2,1
4617,0,4,1
4618,3,2,1
4619,2,2,1
4620,2,4,1
4621,2,2,1
4622,4,3,1
4623,2,2,1
4624,1,3,1
4625,4,1,1
4626,2,4,1
4627,4,4,1
4628,2,2,1
4629,1,4,1
4630,3,0,1
4631,3,2,1
4632,0,0,1
4633,2,2,1
4634,4,3,1
4635,1,3,1
4636,1,0,1
4637,2,3,1
4638,1,0,1
4639,3,2,1
4640,4,1,1
4641,4,0,1
4642,0,4,1
4643,3,1,1
4644,2,4,1
4645,4,1,1
4646,2,3,1
4647,1,1,1
4648,0,0,1
4649,2,3,1
4650,0,1,1
4651,0,2,1
4652,1,4,1
4653,1,0,1
4654,3,3,1
4655,2,2,1
4656,1,0,1
4657,0,3,1
4658,1,4,1
4659,3,1,1
4660,1,1,1
4661,0,2,1
4662,4,3,1
4663,3,1,1
4664,0,4,1
4665,2,0,1
4666,4,0,1
4667,0,1,1
4668,0,4,1
4669,2,3,1
4670,1,4,1
4671,2,3,1
4672,3,0,1
4673,3,0,1
4674,3,2,1
4675,4,1,1
4676,1,4,1
4677,4,4,1
4678,0,2,1
4679,0,1,1
4680,0,4,1
4681,4,4,1
4682,3,3,1
4683,0,1,1
4684,0,4,1
4685,4,3,1
4686,4,1,1
4687,3,4,1
4688,1,3,1
4689,1,1,1
4690,0,2,1
4691,3,1,1
4692,3,1,1
4693,2,4,1
4694,0,2,1
4695,2,3,1
4696,4,0,1
4697,1,4,1
4698,3,1,1
4699,2,3,1
4700,2,1,1
4701,0,2,1
4702,3,4,1
4703,4,3,1
4704,4,1,1
4705,2,4,1
4706,4,2,1
4707,3,0,1
4708,1,1,1
4709,4,4,1
4710,0,1,1
4711,1,1,1
4712,1,4,1
4713,4,1,1
4714,3,3,1
4715,1,3,1
4716,0,0,1
4717,3,3,1
4718,0,1,1
4719,4,1,1
4720,4,3,1
4721,3,2,1
4722,2,2,1
4723,4,4,1
4724,1,1,1
4725,2,1,1
4726,4,1,1
4727,2,3,1
4728,4,2,1
4729,2,4,1
4730,4,4,1
4731,2,2,1
4732,0,3,1
4733,2,0,1
4734,4,1,1
4735,3,2,1
4736,2,3,1
4737,1,3,1
4738,4,3,1
4739,0,0,1
4740,4,2,1
4741,4,3,1
4742,0,1,1
4743,2,1,1
4744,2,4,1
4745,2,3,1
4746,2,4,1
4747,3,3,1
4748,2,2,1
4749,3,4,1
4750,4,0,1
4751,1,3,1
4752,2,3,1
4753,4,2,1
4754,1,2,1
4755,1,1,1
4756,0,3,1
4757,1,1,1
4758,4,4,1
4759,1,0,1
4760,3,0,1
4761,0,2,1
4762,0,0,1
4763,2,3,1
4764,1,4,1
4765,3,0,1
4766,1,0,1
4767,1,2,1
4768,1,3,1
4769,2,4,1
4770,2,1,1
4771,1,2,1
4772,0,1,1
4773,3,1,1
4774,2,4,1
4775,1,0,1
4776,4,0,1
4777,0,1,1
4778,1,3,1
4779,0,0,1
4780,0,4,1
4781,2,4,1
4782,1,3,1
4783,0,0,1
4784,4,3,1
4785,1,4,1
4786,0,1,1
4787,2,3,1
4788,3,3,1
4789,2,3,1
4790,0,1,1
4791,0,2,1
4792,0,2,1
4793,0,3,1
4794,1,1,1
4795,0,0,1
4796,0,1,1
4797,4,1,1
4798,3,3,1
4799,4,1,1
4800,4,3,1
4801,0,2,1
4802,0,1,1
4803,2,4,1
4804,1,1,1
4805,0,2,1
4806,4,0,1
4807,4,0,1
4808,0,2,1
4809,0,3,1
4810,3,2,1
4811,2,1,1
4812,1,1,1
4813,3,4,1
4814,0,3,1
4815,4,3,1
4816,0,1,1
4817,0,1,1
4818,1,0,1
4819,1,2,1
4820,0,1,1
4821,3,0,1
4822,0,3,1
4823,4,0,1
4824,4,2,1
4825,0,0,1
4826,4,0,1
4827,3,4,1
4828,3,2,1
4829,3,2,1
4830,2,4,1
4831,3,2,1
4832,1,0,1
4833,0,3,1
4834,1,4,1
4835,1,4,1
4836,2,4,1
4837,0,3,1
4838,0,4,1
4839,4,0,1
4840,4,1,1
4841,2,3,1
4842,4,3,1
4843,4,3,1
4844,4,0,1
4845,3,2,1
4846,0,3,1
4847,2,2,1
4848,3,0,1
4849,1,0,1
4850,2,3,1
4851,2,2,1
4852,2,3,1
4853,1,1,1
4854,3,3,1
4855,1,3,1
4856,2,2,1
4857,2,2,1
4858,0,2,1
4859,3,1,1
4860,0,2,1
4861,2,2,1
4862,1,1,1
4863,2,3,1
4864,2,1,1
4865,0,1,1
4866,4,3,1
4867,4,2,1
4868,2,1,1
4869,2,1,1
4870,2,2,1
4871,0,2,1
4872,1,4,1
4873,0,1,1
4874,4,2,1
4875,1,1,1
4876,4,3,1
4877,0,1,1
4878,0,4,1
4879,3,0,1
4880,4,3,1
4881,4,3,1
4882,2,3,1
4883,4,3,1
4884,2,0,1
4885,2,0,1
4886,3,2,1
4887,0,2,1
4888,3,1,1
4889,2,4,1
4890,4,1,1
4891,1,4,1
4892,1,0,1
4893,1,0,1
4894,2,4,1
4895,3,0,1
4896,4,1,1
4897,1,0,1
4898,4,1,1
4899,3,2,1
4900,3,0,1
4901,4,2,1
4902,2,1,1
4903,1,4,1
4904,3,0,1
4905,3,1,1
4906,1,1,1
4907,1,4,1
4908,4,3,1
4909,1,2,1
4910,4,3,1
4911,1,4,1
4912,3,3,1
4913,1,0,1
4914,1,4,1
4915,3,1,1
4916,0,0,1
4917,0,2,1
4918,1,2,1
4919,4,1,1
4920,3,1,1
4921,3,1,1
4922,2,3,1
4923,2,0,1
4924,0,3,1
4925,0,4,1
4926,3,1,1
4927,4,1,1
4928,4,0,1
4929,0,1,1
4930,4,3,1
4931,0,0,1
4932,3,0,1
4933,4,1,1
4934,3,1,1
4935,3,4,1
4936,2,1,1
4937,0,0,1
4938,2,2,1
4939,4,0,1
4940,0,4,1
4941,2,4,1
4942,3,1,1
4943,1,0,1
4944,3,0,1
4945,0,0,1
4946,4,1,1
4947,1,3,1
4948,4,0,1
4949,0,3,1
4950,1,4,1
4951,1,2,1
4952,3,1,1
4953,1,4,1
4954,2,3,1
4955,4,0,1
4956,2,4,1
4957,1,1,1
4958,1,1,1
4959,4,3,1
4960,3,2,1
4961,2,3,1
4962,3,4,1
4963,3,2,1
4964,1,0,1
4965,3,0,1
4966,4,2,1
4967,2,4,1
4968,1,3,1
4969,0,1,1
4970,3,3,1
4971,0,4,1
4972,2,1,1
4973,1,1,1
4974,2,1,1
4975,2,1,1
4976,3,2,1
4977,1,3,1
4978,1,0,1
4979,3,1,1
4980,1,2,1
4981,0,1,1
4982,3,4,1
4983,0,3,1
4984,1,3,1
4985,3,4,1
4986,2,2,1
4987,2,4,1
4988,0,3,1
4989,0,0,1
4990,0,1,1
4991,2,2,1
4992,0,4,1
4993,1,3,1
4994,2,0,1
4995,2,1,1
4996,3,0,1
4997,3,2,1
4998,0,3,1
4999,3,3,1
5000,4,4,1
5001,2,1,1
5002,1,1,1
5003,1,4,1
5004,1,1,1
5005,2,2,1
5006,2,1,1
5007,2,4,1
5008,4,2,1
5009,0,1,1
5010,0,3,1
5011,0,2,1
5012,2,4,1
5013,3,3,1
5014,2,1,1
5015,1,2,1
5016,2,0,1
5017,4,2,1
5018,2,4,1
5019,2,2,1
5020,4,1,1
5021,2,4,1
5022,1,2,1
5023,0,1,1
5024,1,4,1
5025,4,3,1
5026,2,0,1
5027,0,1,1
5028,2,2,1
5029,1,1,1
5030,0,4,1
5031,0,0,1
5032,0,1,1
5033,2,3,1
5034,4,2,1
5035,0,3,1
5036,1,1,1
5037,1,1,1
5038,2,3,1
5039,1,2,1
5040,0,1,1
5041,1,0,1
5042,1,3,1
5043,0,4,1
5044,3,1,1
5045,1,4,1
5046,0,1,1
5047,2,0,1
5048,1,2,1
5049,1,4,1
5050,2,3,1
5051,2,1,1
5052,2,1,1
5053,1,0,1
5054,4,1,1
5055,2,2,1
5056,4,3,1
5057,1,4,1
5058,2,2,1
5059,1,4,1
5060,1,1,1
5061,3,0,1
5062,3,4,1
5063,1,2,1
5064,4,1,1
5065,2,1,1
5066,4,3,1
5067,1,3,1
5068,2,2,1
5069,0,3,1
5070,3,4,1
5071,2,3,1
5072,4,4,1
5073,3,3,1
5074,0,3,1
5075,2,1,1
5076,3,0,1
5077,3,2,1
5078,4,3,1
5079,3,1,1
5080,0,3,1
5081,3,1,1
5082,2,2,1
5083,4,3,1
5084,0,1,1
5085,2,1,1
5086,4,2,1
5087,2,4,1
5088,2,0,1
5089,3,1,1
5090,3,3,1
5091,4,0,1
5092,0,2,1
5093,4,4,1
5094,3,1,1
5095,0,4,1
5096,1,3,1
5097,3,0,1
5098,4,3,1
5099,0,1,1
5100,2,4,1
5101,4,2,1
5102,0,2,1
5103,0,1,1
5104,2,1,1
5105,2,2,1
5106,1,4,1
5107,4,4,1
5108,0,2,1
5109,2,4,1
5110,1,2,1
5111,2,2,1
5112,4,0,1
5113,3,4,1
5114,1,4,1
5115,1,2,1
5116,3,4,1
5117,1,2,1
5118,3,4,1
5119,0,0,1
5120,2,0,1
5121,2,1,1
5122,0,4,1
5123,3,3,1
5124,3,1,1
5125,2,2,1
5126,4,4,1
5127,1,1,1
5128,0,3,1
5129,0,3,1
5130,4,1,1
5131,2,3,1
5132,1,2,1
5133,2,2,1
5134,1,0,1
5135,4,2,1
5136,2,3,1
5137,0,4,1
5138,3,4,1
5139,0,3,1
5140,3,1,1
5141,0,2,1
5142,0,1,1
5143,3,2,1
5144,0,4,1
5145,3,0,1
5146,3,0,1
5147,3,2,1
5148,1,3,1
5149,2,4,1
5150,0,3,1
5151,2,3,1
5152,0,0,1
5153,3,0,1
5154,1,2,1
5155,3,2,1
5156,4,2,1
5157,4,1,1
5158,0,1,1
5159,0,0,1
5160,1,1,1
5161,0,1,1
5162,2,2,1
5163,2,3,1
5164,1,3,1
5165,0,1,1
5166,0,3,1
5167,1,4,1
5168,2,0,1
5169,3,0,1
5170,4,1,1
5171,1,4,1
5172,0,0,1
5173,2,1,1
5174,0,1,1
5175,4,4,1
5176,2,1,1
5177,3,2,1
5178,2,0,1
5179,1,0,1
5180,3,4,1
5181,3,1,1
5182,4,4,1
5183,1,2,1
5184,2,2,1
5185,4,3,1
5186,4,1,1
5187,2,4,1
5188,0,4,1
5189,2,1,1
5190,3,3,1
5191,3,1,1
5192,3,4,1
5193,1,1,1
5194,4,3,1
5195,2,1,1
5196,0,1,1
5197,2,3,1
5198,2,2,1
5199,2,0,1
5200,2,1,1
5201,3,3,1
5202,4,0,1
5203,3,1,1
5204,1,0,1
5205,1,4,1
5206,4,0,1
5207,2,2,1
5208,4,4,1
5209,0,2,1
5210,0,1,1
5211,4,1,1
5212,3,0,1
5213,3,2,1
5214,4,4,1
5215,0,0,1
5216,4,1,1
5217,1,0,1
5218,1,2,1
5219,3,2,1
5220,3,2,1
5221,4,4,1
5222,0,2,1
5223,4,3,1
5224,4,0,1
5225,2,3,1
5226,3,3,1
5227,1,1,1
5228,1,1,1
5229,4,4,1
5230,3,1,1
5231,3,0,1
5232,4,1,1
5233,0,0,1
5234,2,2,1
5235,4,2,1
5236,1,0,1
5237,3,0,1
5238,2,2,1
5239,0,3,1
5240,0,4,1
5241,3,4,1
5242,4,2,1
5243,3,3,1
5244,4,3,1
5245,1,1,1
5246,0,2,1
5247,0,4,1
5248,2,3,1
5249,3,1,1
5250,0,1,1
5251,3,3,1
5252,3,3,1
5253,0,1,1
5254,0,1,1
5255,3,3,1
5256,0,3,1
5257,4,4,1
5258,2,0,1
5259,2,4,1
5260,0,0,1
5261,0,3,1
5262,3,3,1
5263,1,0,1
5264,0,1,1
5265,3,3,1
5266,3,2,1
5267,2,0,1
5268,4,1,1
5269,0,1,1
5270,0,2,1
5271,3,0,1
5272,3,0,1
5273,4,3,1
5274,0,3,1
5275,3,0,1
5276,0,1,1
5277,1,4,1
5278,0,0,1
5279,4,0,1
5280,4,4,1
5281,3,2,1
5282,4,0,1
5283,4,1,1
5284,4,1,1
5285,2,0,1
5286,0,4,1
5287,2,2,1
5288,2,4,1
5289,0,1,1
5290,4,3,1
5291,0,0,1
5292,3,0,1
5293,2,0,1
5294,0,4,1
5295,0,1,1
5296,1,0,1
5297,4,1,1
5298,1,4,1
5299,4,1,1
5300,4,2,1
5301,0,4,1
5302,4,4,1
5303,0,1,1
5304,0,3,1
5305,4,2,1
5306,0,4,1
5307,1,1,1
5308,0,3,1
5309,3,3,1
5310,2,0,1
5311,0,3,1
5312,1,4,1
5313,2,0,1
5314,2,0,1
5315,4,2,1
5316,1,1,1
5317,1,0,1
5318,3,1,1
5319,3,4,1
5320,1,0,1
5321,0,2,1
5322,1,2,1
5323,2,0,1
5324,2,1,1
5325,0,1,1
5326,3,1,1
5327,1,4,1
5328,2,2,1
5329,1,0,1
5330,1,4,1
5331,0,1,1
5332,1,4,1
5333,3,1,1
5334,4,2,1
5335,4,3,1
5336,1,3,1
5337,1,3,1
5338,2,2,1
5339,3,4,1
5340,0,2,1
5341,4,3,1
5342,1,3,1
5343,3,4,1
5344,3,1,1
5345,1,0,1
5346,3,0,1
5347,1,1,1
5348,0,1,1
5349,2,3,1
5350,4,4,1
5351,3,3,1
5352,2,1,1
5353,2,4,1
5354,3,1,1
5355,4,0,1
5356,2,1,1
5357,1,0,1
5358,3,3,1
5359,0,2,1
5360,0,1,1
5361,0,3,1
5362,4,0,1
5363,1,3,1
5364,0,3,1
5365,1,3,1
5366,4,1,1
5367,2,4,1
5368,4,0,1
5369,1,2,1
5370,1,4,1
5371,4,3,1
5372,2,0,1
5373,3,2,1
5374,3,3,1
5375,3,3,1
5376,1,2,1
5377,4,0,1
5378,4,2,1
5379,3,4,1
5380,2,0,1
5381,4,2,1
5382,2,1,1
5383,0,2,1
5384,3,2,1
5385,1,2,1
5386,4,1,1
5387,4,2,1
5388,3,3,1
5389,0,0,1
5390,1,4,1
5391,1,1,1
5392,0,3,1
5393,2,3,1
5394,3,3,1
5395,0,3,1
5396,2,0,1
5397,0,3,1
5398,1,0,1
5399,1,2,1
5400,1,0,1
5401,1,3,1
5402,1,2,1
5403,2,2,1
5404,1,2,1
5405,4,4,1
5406,2,0,1
5407,1,0,1
5408,4,2,1
5409,2,2,1
5410,1,4,1
5411,1,3,1
5412,1,2,1
5413,4,3,1
5414,4,4,1
5415,3,3,1
5416,1,2,1
5417,1,2,1
5418,0,4,1
5419,2,3,1
5420,4,3,1
5421,0,4,1
5422,4,3,1
5423,3,0,1
5424,1,2,1
5425,3,1,1
5426,1,4,1
5427,1,4,1
5428,1,1,1
5429,2,3,1
5430,2,3,1
5431,3,2,1
5432,3,3,1
5433,3,2,1
5434,0,4,1
5435,1,3,1
5436,1,0,1
5437,1,4,1
5438,0,1,1
5439,4,1,1
5440,0,1,1
5441,2,0,1
5442,1,3,1
5443,2,2,1
5444,1,0,1
5445,0,0,1
5446,4,3,1
5447,0,0,1
5448,4,0,1
5449,0,1,1
5450,0,1,1
5451,0,1,1
5452,0,4,1
5453,1,4,1
5454,3,1,1
5455,1,1,1
5456,0,1,1
5457,1,1,1
5458,2,2,1
5459,3,1,1
5460,0,2,1
5461,3,4,1
5462,0,2,1
5463,0,2,1
5464,2,3,1
5465,1,3,1
5466,1,0,1
5467,3,0,1
5468,2,2,1
5469,4,4,1
5470,3,2,1
5471,1,2,1
5472,1,0,1
5473,0,2,1
5474,1,3,1
5475,2,3,1
5476,3,4,1
5477,2,2,1
5478,1,0,1
5479,4,2,1
5480,4,3,1
5481,4,4,1
5482,4,4,1
5483,4,1,1
5484,4,4,1
5485,2,1,1
5486,1,2,1
5487,2,4,1
5488,2,4,1
5489,4,1,1
5490,1,0,1
5491,2,4,1
5492,4,2,1
5493,2,3,1
5494,2,2,1
5495,0,4,1
5496,2,3,1
5497,1,3,1
5498,0,1,1
5499,2,3,1
5500,3,2,1
5501,3,2,1
5502,3,1,1
5503,2,1,1
5504,0,2,1
5505,0,0,1
5506,3,1,1
5507,3,1,1
5508,0,0,1
5509,0,3,1
5510,0,3,1
5511,2,0,1
5512,2,4,1
5513,3,1,1
5514,3,1,1
5515,2,1,1
5516,4,0,1
5517,4,1,1
5518,3,3,1
5519,4,0,1
5520,3,2,1
5521,1,4,1
5522,4,0,1
5523,0,1,1
5524,2,4,1
5525,3,2,1
5526,2,1,1
5527,3,3,1
5528,3,2,1
5529,1,3,1
5530,1,2,1
5531,2,3,1
5532,2,2,1
5533,2,1,1
5534,3,1,1
5535,1,0,1
5536,2,4,1
5537,4,0,1
5538,2,1,1
5539,3,3,1
5540,0,3,1
5541,0,2,1
5542,0,4,1
5543,1,3,1
5544,3,0,1
5545,1,2,1
5546,4,0,1
5547,1,0,1
5548,0,3,1
5549,4,0,1
5550,0,1,1
5551,0,4,1
5552,0,2,1
5553,0,3,1
5554,3,0,1
5555,0,0,1
5556,4,4,1
5557,0,1,1
5558,0,1,1
5559,1,1,1
5560,3,0,1
5561,3,0,1
5562,0,0,1
5563,1,2,1
5564,1,4,1
5565,1,0,1
5566,2,1,1
5567,0,2,1
5568,1,3,1
5569,2,3,1
5570,0,4,1
5571,1,4,1
5572,0,3,1
5573,0,0,1
5574,3,1,1
5575,2,0,1
5576,3,3,1
5577,1,0,1
5578,3,3,1
5579,4,3,1
5580,0,3,1
5581,3,3,1
5582,4,1,1
5583,1,2,1
5584,4,3,1
5585,1,3,1
5586,3,1,1
5587,3,2,1
5588,0,0,1
5589,1,1,1
5590,0,0,1
5591,2,4,1
5592,3,4,1
5593,0,0,1
5594,3,3,1
5595,4,3,1
5596,3,0,1
5597,3,0,1
5598,3,2,1
5599,1,1,1
5600,4,0,1
5601,1,4,1
5602,0,1,1
5603,0,1,1
5604,4,3,1
5605,0,0,1
5606,1,1,1
5607,3,4,1
5608,1,4,1
5609,2,3,1
5610,0,3,1
5611,2,0,1
5612,1,3,1
5613,0,4,1
5614,0,2,1
5615,0,1,1
5616,3,1,1
5617,4,3,1
5618,4,1,1
5619,0,0,1
5620,2,1,1
5621,1,3,1
5622,0,0,1
5623,4,3,1
5624,3,3,1
5625,1,3,1
5626,4,4,1
5627,1,3,1
5628,4,0,1
5629,4,1,1
5630,4,3,1
5631,0,0,1
5632,0,4,1
5633,3,2,1
5634,0,1,1
5635,3,1,1
5636,2,2,1
5637,2,4,1
5638,1,1,1
5639,4,1,1
5640,2,4,1
5641,1,2,1
5642,3,2,1
5643,0,0,1
5644,1,3,1
5645,2,2,1
5646,2,2,1
5647,3,4,1
5648,3,0,1
5649,1,3,1
5650,3,1,1
5651,3,1,1
5652,4,0,1
5653,4,0,1
5654,4,4,1
5655,1,1,1
5656,3,2,1
5657,4,3,1
5658,4,2,1
5659,3,3,1
5660,2,4,1
5661,1,3,1
5662,1,4,1
5663,3,3,1
5664,2,1,1
5665,0,2,1
5666,3,1,1
5667,0,4,1
5668,0,2,1
5669,2,4,1
5670,3,4,1
5671,0,4,1
5672,3,2,1
5673,3,3,1
5674,1,2,1
5675,4,1,1
5676,0,0,1
5677,0,4,1
5678,0,4,1
5679,2,4,1
5680,0,3,1
5681,0,4,1
5682,0,4,1
5683,3,0,1
5684,4,2,1
5685,4,1,1
5686,0,4,1
5687,1,2,1
5688,0,0,1
5689,2,2,1
5690,1,1,1
5691,3,0,1
5692,4,4,1
5693,1,0,1
5694,2,0,1
5695,0,4,1
5696,0,0,1
5697,2,4,1
5698,3,1,1
5699,1,2,1
5700,3,0,1
5701,1,1,1
5702,0,1,1
5703,3,0,1
5704,1,1,1
5705,3,3,1
5706,0,3,1
5707,2,2,1
5708,2,0,1
5709,0,4,1
5710,2,4,1
5711,2,0,1
5712,4,1,1
5713,1,3,1
5714,0,0,1
5715,4,3,1
5716,3,3,1
5717,1,2,1
5718,0,2,1
5719,2,4,1
5720,1,1,1
5721,3,4,1
5722,1,1,1
5723,3,1,1
5724,0,4,1
5725,4,2,1
5726,0,0,1
5727,1,1,1
5728,1,2,1
5729,0,4,1
5730,0,2,1
5731,2,3,1
5732,3,3,1
5733,3,3,1
5734,0,4,1
5735,1,1,1
5736,4,2,1
5737,1,4,1
5738,3,2,1
5739,3,4,1
5740,2,4,1
5741,1,2,1
5742,4,4,1
5743,3,0,1
5744,3,2,1
5745,2,1,1
5746,2,3,1
5747,3,2,1
5748,1,0,1
5749,2,1,1
5750,2,2,1
5751,3,0,1
5752,3,1,1
5753,3,4,1
5754,4,1,1
5755,0,4,1
5756,4,0,1
5757,3,1,1
5758,3,4,1
5759,1,3,1
5760,4,1,1
5761,0,2,1
5762,2,1,1
5763,2,3,1
5764,4,1,1
5765,0,2,1
5766,0,2,1
5767,2,4,1
5768,1,1,1
5769,3,4,1
5770,4,4,1
5771,2,1,1
5772,1,3,1
5773,3,4,1
5774,3,0,1
5775,0,3,1
5776,3,0,1
5777,4,1,1
5778,4,2,1
5779,0,2,1
5780,4,1,1
5781,4,3,1
5782,3,4,1
5783,4,3,1
5784,1,4,1
5785,1,3,1
5786,4,3,1
5787,3,3,1
5788,2,2,1
5789,2,4,1
5790,2,2,1
5791,3,2,1
5792,1,2,1
5793,1,2,1
5794,4,3,1
5795,0,3,1
5796,0,4,1
5797,2,1,1
5798,4,0,1
5799,0,4,1
5800,3,4,1
5801,1,0,1
5802,2,0,1
5803,2,1,1
5804,4,3,1
5805,1,0,1
5806,3,1,1
5807,3,0,1
5808,4,3,1
5809,0,4,1
5810,4,1,1
5811,2,3,1
5812,2,1,1
5813,4,0,1
5814,1,4,1
5815,1,4,1
5816,1,3,1
5817,3,4,1
5818,1,3,1
5819,0,2,1
5820,0,4,1
5821,2,3,1
5822,2,0,1
5823,2,4,1
5824,2,4,1
5825,4,3,1
5826,4,4,1
5827,1,2,1
5828,4,4,1
5829,4,0,1
5830,0,1,1
5831,1,4,1
5832,3,4,1
5833,0,0,1
5834,1,0,1
5835,2,2,1
5836,2,0,1
5837,1,2,1
5838,4,0,1
5839,0,3,1
5840,1,3,1
5841,2,1,1
5842,1,2,0
5843,4,1,0
5844,2,0,0
5845,1,3,0
5846,0,0,0
5847,1,0,0
5848,1,1,0
5849,2,1,0
5850,3,3,0
5851,1,1,0
5852,2,0,0
5853,4,1,0
5854,2,3,0
5855,1,3,0
5856,3,3,0
5857,1,2,0
5858,0,0,0
5859,3,3,0
5860,1,0,0
5861,4,3,0
5862,2,2,0
5863,4,2,0
5864,1,4,0
5865,2,1,0
5866,3,0,0
5867,1,4,0
5868,3,2,0
5869,1,4,0
5870,1,2,0
5871,1,0,0
5872,0,4,0
5873,0,1,0
5874,2,2,0
5875,1,2,0
5876,3,1,0
5877,1,2,0
5878,2,1,0
5879,1,4,0
5880,0,4,0
5881,3,2,0
5882,1,3,0
5883,0,2,0
5884,4,0,0
5885,3,1,0
5886,0,3,0
5887,0,2,0
5888,1,1,0
5889,1,3,0
5890,1,4,0
5891,4,4,0
5892,3,0,0
5893,3,4,0
5894,3,3,0
5895,1,4,0
5896,2,2,0
5897,4,2,0
5898,2,1,0
5899,3,2,0
5900,0,4,0
5901,1,4,0
5902,4,1,0
5903,0,2,0
5904,1,3,0
5905,2,2,0
5906,0,0,0
5907,2,0,0
5908,1,4,0
5909,3,4,0
5910,1,4,0
5911,2,3,0
5912,1,0,0
5913,4,1,0
5914,3,2,0
5915,2,1,0
5916,2,0,0
5917,2,3,0
5918,0,0,0
5919,0,3,0
5920,1,4,0
5921,4,4,0
5922,4,0,0
5923,1,0,0
5924,1,0,0
5925,3,4,0
5926,2,4,0
5927,3,1,0
5928,1,4,0
5929,1,3,0
5930,3,1,0
5931,0,0,0
5932,3,2,0
5933,0,2,0
5934,0,3,0
5935,2,0,0
5936,0,0,0
5937,4,1,0
5938,4,0,0
5939,3,0,0
5940,2,2,0
5941,0,4,0
5942,1,4,0
5943,0,4,0
5944,3,3,0
5945,3,0,0
5946,4,4,0
5947,2,1,0
5948,3,4,0
5949,3,2,0
5950,3,2,0
5951,2,4,0
5952,4,2,0
5953,4,4,0
5954,2,0,0
5955,0,2,0
5956,0,4,0
5957,3,2,0
5958,1,3,0
5959,1,2,0
5960,2,4,0
5961,3,1,0
5962,1,0,0
5963,4,0,0
5964,3,2,0
5965,2,3,0
5966,0,1,0
5967,4,2,0
5968,3,4,0
5969,3,1,0
5970,1,0,0
5971,0,3,0
5972,3,4,0
5973,3,2,0
5974,3,4,0
5975,4,2,0
5976,4,4,0
5977,0,4,0
5978,0,2,0
5979,4,2,0
5980,1,4,0
5981,3,4,0
5982,2,3,0
5983,1,2,0
5984,0,2,0
5985,4,2,0
5986,0,2,0
5987,0,0,0
5988,0,3,0
5989,0,4,0
5990,0,2,0
5991,2,2,0
5992,3,0,0
5993,4,3,0
5994,1,1,0
5995,1,0,0
5996,0,3,0
5997,1,1,0
5998,2,3,0
5999,0,0,0
6000,1,2,0
6001,3,1,0
6002,4,4,0
6003,1,3,0
6004,2,1,0
6005,2,0,0
6006,4,3,0
6007,2,2,0
6008,1,2,0
6009,1,1,0
6010,3,0,0
6011,1,1,0
6012,3,2,0
6013,3,0,0
6014,3,3,0
6015,0,2,0
6016,2,1,0
6017,3,4,0
6018,0,4,0
6019,3,0,0
6020,0,3,0
6021,0,3,0
6022,4,2,0
6023,2,3,0
6024,4,3,0
6025,1,0,0
6026,0,1,0
6027,2,1,0
6028,2,3,0
6029,1,1,0
6030,4,4,0
6031,1,0,0
6032,1,3,0
6033,4,3,0
6034,0,1,0
6035,0,1,0
6036,0,4,0
6037,3,0,0
6038,2,4,0
6039,2,1,0
6040,1,2,0
6041,2,1,0
6042,1,0,0
6043,2,2,0
6044,2,3,0
6045,1,2,0
6046,4,3,0
6047,1,4,0
6048,1,4,0
6049,4,4,0
6050,3,3,0
6051,4,3,0
6052,1,0,0
6053,4,4,0
6054,0,2,0
6055,4,0,0
6056,2,0,0
6057,4,1,0
6058,1,4,0
6059,1,3,0
6060,2,2,0
6061,1,4,0
6062,4,0,0
6063,1,4,0
6064,4,3,0
6065,0,0,0
6066,3,0,0
6067,2,1,0
6068,2,3,0
6069,1,0,0
6070,2,2,0
6071,0,4,0
6072,0,3,0
6073,0,3,0
6074,4,4,0
6075,0,0,0
6076,1,4,0
6077,3,4,0
6078,3,3,0
6079,2,1,0
6080,2,3,0
6081,0,1,0
6082,1,3,0
6083,3,4,0
6084,4,4,0
6085,1,4,0
6086,4,1,0
6087,3,0,0
6088,2,0,0
6089,3,0,0
6090,2,1,0
6091,0,4,0
6092,3,2,0
6093,4,1,0
6094,1,0,0
6095,1,4,0
6096,0,2,0
6097,0,1,0
6098,2,2,0
6099,1,0,0
6100,1,3,0
6101,4,2,0
6102,4,0,0
6103,0,3,0
6104,1,4,0
6105,1,4,0
6106,4,2,0
6107,4,0,0
6108,2,3,0
6109,2,0,0
6110,0,3,0
6111,4,1,0
6112,4,1,0
6113,3,3,0
6114,2,2,0
6115,3,3,0
6116,1,1,0
6117,3,3,0
6118,4,2,0
6119,1,3,0
6120,2,0,0
6121,2,2,0
6122,4,3,0
6123,1,1,0
6124,1,0,0
6125,2,3,0
6126,4,3,0
6127,2,2,0
6128,4,3,0
6129,1,1,0
6130,0,4,0
6131,3,0,0
6132,0,4,0
6133,3,0,0
6134,4,1,0
6135,2,4,0
6136,4,0,0
6137,3,4,0
6138,2,0,0
6139,4,3,0
6140,0,1,0
6141,1,0,0
6142,0,0,0
6143,3,4,0
6144,3,3,0
6145,4,0,0
6146,1,4,0
6147,0,3,0
6148,3,0,0
6149,4,1,0
6150,3,1,0
6151,1,0,0
6152,4,4,0
6153,3,4,0
6154,3,4,0
6155,2,1,0
6156,4,4,0
6157,1,2,0
6158,0,4,0
6159,4,2,0
6160,1,1,0
6161,1,0,0
6162,3,1,0
6163,3,4,0
6164,0,2,0
6165,1,1,0
6166,3,4,0
6167,3,4,0
6168,1,1,0
6169,0,2,0
6170,2,2,0
6171,4,3,0
6172,3,3,0
6173,1,0,0
6174,0,4,0
6175,0,2,0
6176,1,3,0
6177,2,3,0
6178,1,0,0
6179,2,1,0
6180,4,3,0
6181,3,0,0
6182,4,1,0
6183,1,4,0
6184,0,4,0
6185,1,0,0
6186,4,3,0
6187,1,3,0
6188,0,1,0
6189,1,3,0
6190,0,2,0
6191,0,0,0
6192,0,1,0
6193,4,2,0
6194,4,0,0
6195,1,4,0
6196,4,3,0
6197,4,1,0
6198,0,2,0
6199,4,0,0
6200,2,2,0
6201,4,2,0
6202,4,1,0
6203,2,2,0
6204,4,1,0
6205,0,4,0
6206,1,0,0
6207,1,3,0
6208,2,0,0
6209,1,2,0
6210,3,2,0
6211,3,2,0
6212,4,0,0
6213,2,2,0
6214,0,2,0
6215,2,2,0
6216,2,3,0
6217,3,2,0
6218,4,0,0
6219,0,0,0
6220,4,0,0
6221,1,2,0
6222,3,1,0
6223,4,2,0
6224,1,4,0
6225,1,2,0
6226,1,2,0
6227,2,1,0
6228,2,0,0
6229,2,3,0
6230,4,4,0
6231,4,1,0
6232,1,1,0
6233,2,4,0
6234,3,3,0
6235,4,3,0
6236,3,3,0
6237,1,4,0
6238,1,4,0
6239,4,2,0
6240,0,2,0
6241,1,3,0
6242,0,0,0
6243,3,2,0
6244,2,3,0
6245,2,2,0
6246,2,0,0
6247,2,3,0
6248,4,4,0
6249,0,4,0
6250,3,1,0
6251,1,1,0
6252,0,1,0
6253,3,2,0
6254,1,1,0
6255,0,0,0
6256,0,3,0
6257,4,1,0
6258,0,4,0
6259,3,4,0
6260,0,2,0
6261,0,3,0
6262,0,3,0
6263,1,1,0
6264,3,1,0
6265,0,2,0
6266,3,4,0
6267,2,0,0
6268,0,0,0
6269,2,3,0
6270,4,4,0
6271,3,4,0
6272,4,0,0
6273,1,3,0
6274,4,1,0
6275,0,3,0
6276,0,4,0
6277,0,0,0
6278,1,1,0
6279,1,2,0
6280,0,0,0
6281,2,1,0
6282,2,4,0
6283,1,4,0
6284,2,2,0
6285,3,0,0
6286,4,3,0
6287,1,4,0
6288,2,0,0
6289,0,2,0
6290,1,1,0
6291,3,3,0
6292,0,4,0
6293,2,0,0
6294,4,0,0
6295,4,0,0
6296,3,1,0
6297,0,0,0
6298,1,2,0
6299,1,4,0
6300,0,4,0
6301,3,4,0
6302,1,2,0
6303,2,1,0
6304,3,2,0
6305,0,4,0
6306,2,3,0
6307,0,1,0
6308,4,3,0
6309,3,2,0
6310,0,2,0
6311,1,2,0
6312,2,3,0
6313,1,2,0
6314,1,0,0
6315,1,3,0
6316,1,2,0
6317,4,4,0
6318,3,1,0
6319,3,1,0
6320,0,1,0
6321,0,0,0
6322,4,1,0
6323,4,0,0
6324,2,3,0
6325,0,4,0
6326,1,1,0
6327,2,0,0
6328,4,4,0
6329,4,2,0
6330,2,0,0
6331,0,0,0
6332,4,1,0
6333,3,2,0
6334,3,1,0
6335,2,0,0
6336,4,0,0
6337,3,4,0
6338,1,3,0
6339,2,4,0
6340,1,1,0
6341,3,3,0
6342,0,3,0
6343,1,3,0
6344,4,3,0
6345,2,0,0
6346,2,4,0
6347,0,3,0
6348,3,4,0
6349,1,4,0
6350,2,0,0
6351,3,0,0
6352,1,1,0
6353,1,0,0
6354,2,4,0
6355,3,3,0
6356,2,0,0
6357,1,3,0
6358,1,3,0
6359,3,2,0
6360,4,1,0
6361,3,0,0
6362,2,1,0
6363,0,1,0
6364,1,3,0
6365,3,3,0
6366,3,0,0
6367,4,0,0
6368,3,4,0
6369,1,4,0
6370,0,4,0
6371,4,2,0
6372,2,4,0
6373,0,3,0
6374,2,2,0
6375,0,2,0
6376,0,2,0
6377,3,0,0
6378,3,3,0
6379,0,0,0
6380,4,1,0
6381,0,0,0
6382,0,3,0
6383,0,3,0
6384,1,2,0
6385,3,0,0
6386,3,0,0
6387,4,1,0
6388,0,1,0
6389,2,0,0
6390,0,4,0
6391,0,4,0
6392,3,1,0
6393,1,2,0
6394,1,4,0
6395,1,1,0
6396,4,4,0
6397,4,2,0
6398,3,1,0
6399,0,0,0
6400,3,2,0
6401,3,4,0
6402,2,4,0
6403,4,4,0
6404,1,4,0
6405,2,0,0
6406,3,1,0
6407,3,1,0
6408,2,4,0
6409,3,4,0
6410,1,0,0
6411,4,4,0
6412,0,3,0
6413,2,2,0
6414,1,1,0
6415,2,3,0
6416,0,4,0
6417,2,2,0
6418,4,1,0
6419,1,1,0
6420,1,4,0
6421,4,1,0
6422,1,1,0
6423,0,1,0
6424,0,4,0
6425,2,2,0
6426,4,1,0
6427,4,2,0
6428,3,0,0
6429,4,3,0
6430,3,1,0
6431,1,0,0
6432,2,1,0
6433,0,1,0
6434,3,2,0
6435,1,0,0
6436,0,3,0
6437,0,0,0
6438,3,3,0
6439,0,3,0
6440,0,1,0
6441,2,0,0
6442,3,0,0
6443,3,4,0
6444,2,1,0
6445,0,3,0
6446,1,4,0
6447,2,3,0
6448,2,1,0
6449,0,0,0
6450,3,4,0
6451,3,0,0
6452,3,1,0
6453,1,0,0
6454,3,0,0
6455,3,4,0
6456,0,0,0
6457,0,4,0
6458,4,4,0
6459,1,2,0
6460,2,4,0
6461,3,4,0
6462,3,2,0
6463,1,0,0
6464,2,2,0
6465,4,1,0
6466,2,1,0
6467,3,4,0
6468,2,3,0
6469,0,2,0
6470,0,2,0
6471,0,1,0
6472,3,4,0
6473,2,4,0
6474,3,4,0
6475,2,2,0
6476,2,4,0
6477,1,3,0
6478,3,0,0
6479,3,0,0
6480,2,1,0
6481,4,3,0
6482,3,3,0
6483,0,4,0
6484,4,0,0
6485,0,1,0
6486,1,0,0
6487,3,3,0
6488,4,0,0
6489,0,2,0
6490,2,1,0
6491,4,2,0
6492,4,2,0
6493,2,0,0
6494,0,1,0
6495,4,2,0
6496,4,4,0
6497,4,2,0
6498,3,2,0
6499,1,1,0
6500,1,1,0
6501,3,3,0
6502,0,0,0
6503,4,4,0
6504,3,4,0
6505,1,4,0
6506,2,4,0
6507,1,1,0
6508,4,2,0
6509,3,3,0
6510,4,2,0
6511,4,3,0
6512,2,3,0
6513,4,3,0
6514,3,4,0
6515,1,1,0
6516,0,4,0
6517,1,1,0
6518,0,4,0
6519,4,0,0
6520,2,0,0
6521,4,4,0
6522,1,0,0
6523,2,3,0
6524,1,0,0
6525,1,3,0
6526,1,2,0
6527,1,4,0
6528,2,4,0
6529,1,2,0
6530,0,3,0
6531,1,0,0
6532,2,3,0
6533,1,3,0
6534,2,1,0
6535,3,0,0
6536,4,1,0
6537,0,2,0
6538,4,3,0
6539,2,3,0
6540,3,0,0
6541,0,3,0
6542,3,3,0
6543,2,3,0
6544,4,1,0
6545,2,0,0
6546,4,4,0
6547,2,4,0
6548,4,1,0
6549,2,0,0
6550,4,4,0
6551,1,2,0
6552,3,1,0
6553,3,3,0
6554,2,0,0
6555,1,0,0
6556,2,1,0
6557,0,4,0
6558,3,2,0
6559,4,0,0
6560,2,1,0
6561,0,1,0
6562,2,1,0
6563,1,4,0
6564,3,0,0
6565,1,0,0
6566,0,2,0
6567,2,0,0
6568,4,0,0
6569,1,3,0
6570,2,2,0
6571,2,2,0
6572,3,2,0
6573,0,2,0
6574,4,2,0
6575,4,2,0
6576,0,3,0
6577,1,4,0
6578,0,0,0
6579,1,2,0
6580,3,0,0
6581,3,4,0
6582,1,4,0
6583,2,1,0
6584,3,0,0
6585,4,0,0
6586,2,1,0
6587,0,4,0
6588,3,1,0
6589,4,2,0
6590,1,3,0
6591,2,1,0
6592,0,0,0
6593,3,1,0
6594,3,0,0
6595,3,2,0
6596,2,2,0
6597,3,2,0
6598,2,0,0
6599,4,1,0
6600,3,0,0
6601,1,0,0
6602,1,2,0
6603,3,0,0
6604,2,4,0
6605,2,3,0
6606,2,3,0
6607,4,2,0
6608,4,0,0
6609,3,4,0
6610,2,1,0
6611,2,1,0
6612,2,3,0
6613,4,1,0
6614,0,1,0
6615,4,4,0
6616,1,3,0
6617,1,1,0
6618,1,0,0
6619,4,0,0
6620,3,3,0
6621,3,2,0
6622,4,0,0
6623,2,1,0
6624,1,1,0
6625,0,2,0
6626,0,3,0
6627,1,3,0
6628,1,4,0
6629,4,4,0
6630,2,4,0
6631,2,0,0
6632,1,0,0
6633,1,0,0
6634,1,1,0
6635,0,4,0
6636,0,0,0
6637,3,1,0
6638,0,1,0
6639,0,3,0
6640,0,0,0
6641,3,1,0
6642,0,0,0
6643,1,2,0
6644,0,3,0
6645,0,3,0
6646,4,3,0
6647,2,0,0
6648,0,2,0
6649,2,1,0
6650,0,4,0
6651,0,1,0
6652,1,3,0
6653,3,1,0
6654,2,1,0
6655,2,1,0
6656,1,2,0
6657,1,4,0
6658,2,4,0
6659,2,0,0
6660,0,0,0
6661,2,2,0
6662,1,1,0
6663,0,4,0
6664,0,1,0
6665,4,2,0
6666,0,3,0
6667,0,1,0
6668,3,3,0
6669,2,0,0
6670,4,3,0
6671,1,1,0
6672,1,3,0
6673,3,0,0
6674,1,2,0
6675,1,1,0
6676,3,1,0
6677,0,0,0
6678,4,2,0
6679,4,1,0
6680,1,4,0
6681,4,2,0
6682,0,0,0
6683,3,2,0
6684,2,4,0
6685,0,1,0
6686,2,3,0
6687,4,2,0
6688,1,0,0
6689,1,1,0
6690,3,0,0
6691,4,3,0
6692,4,1,0
6693,0,1,0
6694,0,0,0
6695,3,2,0
6696,1,2,0
6697,3,1,0
6698,1,0,0
6699,4,4,0
6700,3,4,0
6701,2,3,0
6702,0,3,0
6703,1,2,0
6704,4,0,0
6705,4,0,0
6706,2,1,0
6707,4,1,0
6708,2,2,0
6709,0,2,0
6710,2,3,0
6711,3,3,0
6712,2,4,0
6713,0,0,0
6714,2,1,0
6715,2,1,0
6716,0,1,0
6717,1,3,0
6718,4,0,0
6719,2,3,0
6720,1,1,0
6721,1,0,0
6722,0,4,0
6723,4,3,0
6724,2,4,0
6725,3,4,0
6726,0,2,0
6727,3,4,0
6728,3,0,0
6729,1,4,0
6730,4,1,0
6731,3,0,0
6732,0,3,0
6733,2,4,0
6734,3,3,0
6735,3,0,0
6736,2,1,0
6737,2,2,0
6738,4,1,0
6739,1,4,0
6740,4,3,0
6741,1,1,0
6742,3,0,0
6743,0,2,0
6744,2,1,0
6745,4,1,0
6746,0,0,0
6747,1,4,0
6748,3,0,0
6749,4,3,0
6750,3,4,0
6751,4,3,0
6752,4,2,0
6753,1,3,0
6754,1,1,0
6755,4,0,0
6756,0,4,0
6757,4,2,0
6758,4,0,0
6759,2,2,0
6760,0,2,0
6761,2,3,0
6762,1,0,0
6763,1,4,0
6764,2,2,0
6765,3,3,0
6766,4,1,0
6767,2,2,0
6768,0,2,0
6769,0,0,0
6770,4,3,0
6771,4,1,0
6772,0,2,0
6773,0,2,0
6774,3,4,0
6775,2,4,0
6776,2,0,0
6777,1,3,0
6778,3,4,0
6779,1,3,0
6780,0,3,0
6781,0,3,0
6782,0,1,0
6783,3,2,0
6784,3,3,0
6785,2,1,0
6786,4,1,0
6787,3,2,0
6788,2,1,0
6789,3,3,0
6790,0,2,0
6791,2,4,0
6792,0,3,0
6793,1,1,0
6794,0,2,0
6795,0,4,0
6796,4,4,0
6797,3,1,0
6798,1,2,0
6799,4,4,0
6800,1,1,0
6801,0,2,0
6802,2,0,0
6803,4,3,0
6804,1,0,0
6805,4,2,0
6806,3,2,0
6807,4,2,0
6808,3,0,0
6809,0,2,0
6810,4,0,0
6811,2,3,0
6812,4,1,0
6813,1,3,0
6814,0,1,0
6815,4,3,0
6816,0,0,0
6817,4,4,0
6818,4,2,0
6819,2,4,0
6820,1,2,0
6821,2,3,0
6822,1,4,0
6823,3,1,0
6824,1,4,0
6825,3,3,0
6826,3,0,0
6827,0,1,0
6828,0,3,0
6829,4,0,0
6830,1,1,0
6831,0,0,0
6832,0,1,0
6833,1,2,0
6834,0,4,0
6835,0,0,0
6836,1,2,0
6837,4,4,0
6838,0,0,0
6839,2,2,0
6840,2,1,0
6841,1,2,0
6842,0,1,0
6843,3,0,0
6844,3,0,0
6845,0,3,0
6846,1,0,0
6847,2,4,0
6848,1,0,0
6849,1,4,0
6850,0,1,0
6851,1,3,0
6852,0,0,0
6853,1,0,0
6854,3,1,0
6855,0,0,0
6856,3,3,0
6857,3,3,0
6858,1,2,0
6859,4,4,0
6860,1,1,0
6861,1,1,0
6862,3,4,0
6863,1,4,0
6864,1,4,0
6865,1,4,0
6866,0,3,0
6867,1,1,0
6868,3,1,0
6869,4,4,0
6870,3,0,0
6871,2,2,0
6872,4,3,0
6873,1,1,0
6874,1,0,0
6875,3,1,0
6876,2,3,0
6877,2,4,0
6878,4,3,0
6879,2,0,0
6880,3,0,0
6881,4,1,0
6882,2,3,0
6883,4,0,0
6884,2,0,0
6885,1,0,0
6886,1,1,0
6887,4,1,0
6888,4,3,0
6889,1,1,0
6890,3,1,0
6891,1,1,0
6892,4,0,0
6893,1,1,0
6894,1,0,0
6895,4,1,0
6896,3,4,0
6897,2,0,0
6898,3,4,0
6899,1,0,0
6900,4,2,0
6901,3,4,0
6902,1,3,0
6903,4,4,0
6904,0,3,0
6905,4,4,0
6906,1,4,0
6907,2,3,0
6908,3,0,0
6909,2,3,0
6910,0,2,0
6911,1,2,0
6912,2,1,0
6913,4,4,0
6914,2,1,0
6915,2,2,0
6916,4,4,0
6917,4,4,0
6918,4,4,0
6919,4,0,0
6920,1,1,0
6921,4,2,0
6922,1,4,0
6923,2,4,0
6924,4,2,0
6925,0,0,0
6926,0,3,0
6927,1,2,0
6928,1,0,0
6929,0,0,0
6930,4,3,0
6931,3,3,0
6932,3,1,0
6933,2,3,0
6934,1,4,0
6935,2,3,0
6936,1,3,0
6937,3,4,0
6938,1,2,0
6939,4,2,0
6940,3,4,0
6941,3,2,0
6942,2,3,0
6943,3,0,0
6944,3,4,0
6945,1,2,0
6946,1,3,0
6947,4,2,0
6948,4,2,0
6949,3,2,0
6950,0,2,0
6951,3,1,0
6952,2,0,0
6953,2,1,0
6954,2,0,0
6955,2,2,0
6956,0,1,0
6957,0,0,0
6958,3,1,0
6959,3,0,0
6960,1,1,0
6961,4,2,0
6962,2,3,0
6963,1,3,0
6964,0,3,0
6965,3,2,0
6966,4,0,0
6967,0,4,0
6968,1,2,0
6969,3,1,0
6970,0,1,0
6971,2,0,0
6972,2,3,0
6973,4,1,0
6974,1,0,0
6975,4,1,0
6976,0,2,0
6977,0,0,0
6978,4,2,0
6979,2,4,0
6980,0,4,0
6981,3,2,0
6982,4,2,0
6983,2,2,0
6984,2,3,0
6985,0,3,0
6986,1,1,0
6987,4,1,0
6988,1,3,0
6989,3,0,0
6990,1,0,0
6991,3,4,0
6992,2,3,0
6993,2,4,0
6994,3,1,0
6995,2,3,0
6996,4,4,0
6997,3,3,0
6998,4,4,0
6999,3,3,0
7000,1,1,0
7001,2,1,0
7002,4,3,0
7003,0,0,0
7004,3,1,0
7005,4,3,0
7006,4,1,0
7007,1,4,0
7008,3,1,0
7009,3,1,0
7010,4,0,0
7011,4,2,0
7012,3,0,0
7013,0,2,0
7014,0,2,0
7015,1,1,0
7016,0,3,0
7017,0,4,0
7018,4,4,0
7019,3,4,0
7020,3,4,0
7021,0,4,0
7022,2,3,0
7023,2,4,0
7024,1,3,0
7025,1,0,0
7026,1,0,0
7027,4,1,0
7028,2,1,0
7029,2,4,0
7030,3,0,0
7031,4,4,0
7032,3,0,0
7033,3,1,0
7034,2,0,0
7035,2,4,0
7036,1,0,0
7037,1,0,0
7038,4,2,0
7039,2,1,0
7040,3,0,0
7041,0,4,0
7042,1,3,0
7043,1,0,0
7044,2,2,0
7045,0,2,0
7046,0,1,0
7047,2,4,0
7048,0,1,0
7049,3,4,0
7050,0,1,0
7051,4,4,0
7052,3,4,0
7053,0,3,0
7054,3,2,0
7055,4,0,0
7056,4,2,0
7057,4,4,0
7058,0,1,0
7059,2,4,0
7060,4,0,0
7061,2,2,0
7062,0,2,0
7063,0,4,0
7064,4,2,0
7065,3,0,0
7066,1,3,0
7067,0,1,0
7068,3,0,0
7069,4,4,0
7070,2,3,0
7071,1,4,0
7072,2,0,0
7073,3,4,0
7074,0,3,0
7075,3,0,0
7076,3,3,0
7077,3,0,0
7078,2,0,0
7079,2,4,0
7080,0,1,0
7081,3,3,0
7082,4,4,0
7083,4,3,0
7084,2,4,0
7085,1,1,0
7086,3,4,0
7087,3,3,0
7088,3,3,0
7089,2,3,0
7090,1,3,0
7091,2,1,0
7092,1,1,0
7093,0,3,0
7094,3,2,0
7095,2,4,0
7096,1,4,0
7097,0,1,0
7098,3,0,0
7099,2,0,0
7100,2,1,0
7101,2,2,0
7102,0,2,0
7103,1,0,0
7104,1,1,0
7105,0,3,0
7106,4,2,0
7107,4,0,0
7108,2,2,0
7109,2,1,0
7110,0,4,0
7111,0,0,0
7112,0,1,0
7113,2,2,0
7114,0,2,0
7115,4,1,0
7116,3,1,0
7117,3,2,0
7118,1,4,0
7119,0,2,0
7120,3,1,0
7121,2,3,0
7122,2,0,0
7123,1,0,0
7124,4,2,0
7125,3,1,0
7126,2,2,0
7127,0,1,0
7128,1,4,0
7129,3,3,0
7130,1,2,0
7131,4,3,0
7132,0,4,0
7133,4,2,0
7134,0,0,0
7135,2,0,0
7136,3,3,0
7137,4,1,0
7138,1,2,0
7139,0,3,0
7140,1,0,0
7141,2,2,0
7142,1,4,0
7143,2,2,0
7144,0,0,0
7145,1,1,0
7146,4,2,0
7147,1,0,0
7148,4,2,0
7149,3,2,0
7150,0,3,0
7151,4,3,0
7152,0,0,0
7153,0,3,0
7154,4,3,0
7155,4,2,0
7156,3,3,0
7157,1,3,0
7158,1,1,0
7159,0,2,0
7160,0,2,0
7161,1,4,0
7162,4,1,0
7163,3,4,0
7164,0,3,0
7165,4,4,0
7166,2,2,0
7167,1,3,0
7168,3,2,0
7169,2,4,0
7170,0,3,0
7171,0,1,0
7172,1,4,0
7173,0,2,0
7174,1,4,0
7175,2,4,0
7176,2,1,0
7177,4,2,0
7178,1,0,0
7179,2,3,0
7180,3,4,0
7181,2,4,0
7182,4,0,0
7183,3,4,0
7184,0,1,0
7185,0,4,0
7186,2,2,0
7187,2,2,0
7188,3,0,0
7189,0,0,0
7190,3,3,0
7191,4,0,0
7192,4,1,0
7193,0,4,0
7194,0,0,0
7195,4,1,0
7196,1,3,1
7197,3,2,1
7198,2,0,1
7199,0,3,1
7200,4,2,1
7201,0,1,1
7202,3,1,1
7203,0,4,1
7204,0,0,1
7205,0,0,1
7206,2,2,1
7207,2,4,1
7208,3,0,1
7209,3,2,1
7210,1,1,1
7211,0,3,1
7212,1,0,1
7213,4,3,1
7214,4,4,1
7215,2,3,1
7216,2,3,1
7217,4,3,1
7218,4,2,1
7219,2,2,1
7220,3,4,1
7221,1,3,1
7222,0,0,1
7223,1,4,1
7224,2,0,1
7225,1,3,1
7226,2,4,1
7227,4,3,1
7228,4,0,1
7229,4,2,1
7230,0,1,1
7231,0,4,1
7232,3,3,1
7233,2,1,1
7234,3,2,1
7235,4,4,1
7236,1,2,1
7237,0,1,1
7238,1,2,1
7239,4,3,1
7240,3,3,1
7241,1,0,1
7242,0,1,1
7243,0,4,1
7244,1,4,1
7245,4,0,1
7246,3,4,1
7247,3,0,1
7248,0,4,1
7249,1,1,1
7250,2,3,1
7251,0,2,1
7252,0,3,1
7253,1,1,1
7254,4,4,1
7255,2,1,1
7256,3,1,1
7257,4,0,1
7258,2,1,1
7259,0,4,1
7260,3,2,1
7261,4,1,1
7262,0,3,1
7263,1,2,1
7264,1,0,1
7265,0,3,1
7266,3,0,1
7267,2,0,1
7268,0,1,1
7269,1,2,1
7270,4,0,1
7271,1,0,1
7272,0,0,1
7273,4,3,1
7274,0,3,1
7275,4,3,1
7276,1,1,1
7277,4,4,1
7278,3,1,1
7279,3,3,1
7280,1,1,1
7281,0,3,1
7282,3,1,1
7283,2,0,1
7284,1,2,1
7285,2,0,1
7286,3,3,1
7287,1,0,1
7288,0,1,1
7289,2,2,1
7290,3,0,1
7291,4,4,1
7292,3,1,1
7293,1,2,1
7294,0,2,1
7295,4,0,1
7296,3,4,1
7297,1,3,1
7298,2,2,1
7299,3,3,1
7300,4,4,1
7301,3,4,1
7302,1,1,1
7303,1,1,1
7304,0,2,1
7305,2,4,1
7306,4,0,1
7307,1,4,1
7308,2,4,1
7309,4,2,1
7310,4,1,1
7311,0,0,1
7312,1,4,1
7313,0,4,1
7314,4,3,1
7315,2,0,1
7316,4,0,1
7317,0,1,1
7318,1,1,1
7319,1,0,1
7320,3,1,1
7321,0,2,1
7322,1,0,1
7323,0,4,1
7324,4,1,1
7325,2,4,1
7326,3,3,1
7327,4,0,1
7328,4,4,1
7329,2,1,1
7330,3,3,1
7331,4,1,1
7332,2,0,1
7333,4,0,1
7334,1,3,1
7335,4,2,1
7336,4,1,1
7337,3,3,1
7338,3,1,1
7339,3,3,1
7340,2,0,1
7341,2,2,1
7342,4,3,1
7343,2,3,1
7344,3,1,1
7345,0,2,1
7346,1,4,1
7347,0,4,1
7348,0,1,1
7349,1,1,1
7350,1,1,1
7351,4,1,1
7352,0,2,1
7353,3,0,1
7354,3,2,1
7355,0,2,1
7356,3,0,1
7357,3,3,1
7358,2,2,1
7359,0,1,1
7360,4,2,1
7361,0,0,1
7362,1,0,1
7363,4,2,1
7364,4,4,1
7365,3,1,1
7366,0,1,1
7367,3,3,1
7368,3,0,1
7369,3,1,1
7370,0,0,1
7371,0,0,1
7372,1,3,1
7373,3,4,1
7374,0,1,1
7375,3,2,1
7376,2,1,1
7377,3,3,1
7378,3,3,1
7379,1,4,1
7380,2,3,1
7381,3,2,1
7382,0,3,1
7383,2,3,1
7384,4,4,1
7385,0,3,1
7386,1,0,1
7387,4,2,1
7388,3,3,1
7389,1,3,1
7390,4,2,1
7391,0,3,1
7392,3,2,1
7393,0,1,1
7394,2,3,1
7395,2,1,1
7396,1,1,1
7397,1,0,1
7398,3,2,1
7399,1,4,1
7400,3,0,1
7401,3,1,1
7402,0,0,1
7403,2,3,1
7404,4,4,1
7405,2,3,1
7406,1,3,1
7407,0,3,1
7408,4,2,1
7409,1,4,1
7410,3,0,1
7411,4,0,1
7412,0,3,1
7413,3,0,1
7414,1,4,1
7415,1,3,1
7416,3,4,1
7417,3,0,1
7418,4,4,1
7419,1,0,1
7420,3,2,1
7421,1,4,1
7422,2,2,1
7423,4,1,1
7424,3,2,1
7425,2,4,1
7426,0,3,1
7427,0,1,1
7428,3,0,1
7429,3,0,1
7430,3,4,1
7431,1,1,1
7432,3,1,1
7433,3,0,1
7434,4,3,1
7435,4,1,1
7436,2,0,1
7437,3,2,1
7438,1,0,1
7439,3,4,1
7440,4,1,1
7441,3,1,1
7442,3,1,1
7443,1,3,1
7444,0,4,1
7445,2,1,1
7446,0,2,1
7447,3,3,1
7448,2,4,1
7449,4,0,1
7450,2,3,1
7451,4,1,1
7452,2,1,1
7453,1,2,1
7454,0,2,1
7455,1,4,1
7456,4,4,1
7457,1,3,1
7458,1,1,1
7459,3,3,1
7460,4,3,1
7461,4,1,1
7462,2,4,1
7463,4,4,1
7464,1,4,1
7465,0,1,1
7466,0,0,1
7467,0,2,1
7468,3,3,1
7469,0,0,1
7470,4,0,1
7471,2,4,1
7472,0,2,1
7473,2,3,1
7474,4,1,1
7475,3,1,1
7476,4,2,1
7477,0,0,1
7478,4,1,1
7479,2,1,1
7480,2,0,1
7481,1,3,1
7482,4,3,1
7483,2,1,1
7484,3,1,1
7485,1,0,1
7486,3,3,1
7487,2,3,1
7488,0,1,1
7489,0,0,1
7490,0,4,1
7491,2,2,1
7492,3,0,1
7493,2,1,1
7494,1,3,1
7495,4,1,1
7496,0,3,1
7497,2,1,1
7498,2,0,1
7499,0,1,1
7500,0,3,1
7501,2,1,1
7502,3,3,1
7503,0,0,1
7504,1,0,1
7505,2,2,1
7506,2,1,1
7507,0,4,1
7508,3,1,1
7509,2,4,1
7510,0,2,1
7511,4,2,1
7512,3,0,1
7513,3,4,1
7514,2,2,1
7515,2,4,1
7516,2,3,1
7517,1,4,1
7518,0,3,1
7519,1,4,1
7520,4,1,1
7521,4,3,1
7522,2,3,1
7523,0,1,1
7524,1,3,1
7525,2,1,1
7526,2,1,1
7527,3,4,1
7528,2,0,1
7529,4,2,1
7530,2,4,1
7531,2,2,1
7532,2,1,1
7533,0,2,1
7534,1,4,1
7535,4,1,1
7536,2,1,1
7537,4,3,1
7538,0,4,1
7539,3,0,1
7540,0,4,1
7541,4,4,1
7542,4,2,1
7543,4,4,1
7544,4,0,1
7545,2,4,1
7546,0,0,1
7547,2,4,1
7548,4,3,1
7549,3,1,1
7550,4,0,1
7551,1,3,1
7552,2,1,1
7553,1,2,1
7554,3,4,1
7555,0,2,1
7556,4,1,1
7557,0,2,1
7558,0,3,1
7559,4,0,1
7560,1,1,1
7561,0,3,1
7562,3,3,1
7563,1,4,1
7564,1,2,1
7565,2,4,1
7566,1,1,1
7567,0,1,1
7568,3,0,1
7569,4,4,1
7570,0,2,1
7571,1,3,1
7572,2,1,1
7573,2,1,1
7574,1,2,1
7575,3,0,1
7576,2,4,1
7577,3,3,1
7578,4,2,1
7579,4,1,1
7580,0,3,1
7581,4,2,1
7582,2,1,1
7583,4,1,1
7584,1,0,1
7585,1,3,1
7586,1,4,1
7587,1,2,1
7588,2,4,1
7589,0,2,1
7590,3,1,1
7591,4,0,1
7592,1,1,1
7593,1,4,1
7594,2,1,1
7595,1,3,1
7596,1,2,1
7597,0,2,1
7598,1,0,1
7599,3,3,1
7600,4,4,1
7601,4,3,1
7602,2,4,1
7603,0,3,1
7604,3,3,1
7605,0,0,1
7606,3,0,1
7607,2,1,1
7608,1,0,1
7609,2,0,1
7610,1,0,1
7611,1,2,1
7612,4,1,1
7613,4,1,1
7614,0,1,1
7615,0,1,1
7616,3,4,1
7617,1,0,1
7618,2,3,1
7619,1,3,1
7620,3,3,1
7621,4,1,1
7622,4,4,1
7623,4,1,1
7624,3,2,1
7625,0,0,1
7626,2,2,1
7627,2,4,1
7628,1,3,1
7629,1,1,1
7630,3,3,1
7631,4,2,1
7632,0,0,1
7633,2,1,1
7634,1,2,1
7635,0,1,1
7636,3,2,1
7637,3,2,1
7638,2,1,1
7639,1,2,1
7640,0,2,1
7641,4,1,1
7642,0,1,1
7643,1,3,1
7644,4,2,1
7645,1,2,1
7646,2,2,1
7647,2,3,1
7648,3,1,1
7649,2,0,1
7650,1,2,1
7651,3,0,1
7652,3,4,1
7653,1,3,1
7654,2,0,1
7655,2,2,1
7656,4,2,1
7657,3,1,1
7658,2,4,1
7659,1,1,1
7660,3,4,1
7661,1,3,1
7662,3,2,1
7663,1,0,1
7664,4,3,1
7665,1,0,1
7666,3,1,1
7667,1,0,1
7668,2,0,1
7669,1,2,1
7670,1,1,1
7671,2,3,1
7672,4,3,1
7673,4,1,1
7674,3,3,1
7675,1,0,1
7676,0,2,1
7677,1,2,1
7678,2,0,1
7679,3,1,1
7680,3,0,1
7681,4,2,1
7682,2,4,1
7683,3,0,1
7684,1,4,1
7685,4,0,1
7686,0,0,1
7687,0,1,1
7688,3,3,1
7689,2,2,1
7690,3,1,1
7691,2,1,1
7692,3,2,1
7693,0,4,1
7694,2,4,1
7695,3,1,1
7696,3,0,1
7697,1,2,1
7698,4,2,1
7699,0,4,1
7700,2,2,1
7701,4,4,1
7702,3,0,1
7703,4,0,1
7704,3,2,1
7705,0,0,1
7706,4,3,1
7707,3,3,1
7708,0,3,1
7709,0,4,1
7710,4,2,1
7711,3,0,1
7712,3,2,1
7713,1,2,1
7714,4,4,1
7715,2,0,1
7716,0,1,1
7717,2,1,1
7718,0,0,1
7719,0,4,1
7720,1,2,1
7721,4,0,1
7722,1,4,1
7723,0,1,1
7724,0,1,1
7725,0,3,1
7726,3,1,1
7727,0,2,1
7728,3,4,1
7729,4,1,1
7730,4,0,1
7731,2,1,1
7732,4,4,1
7733,1,0,1
7734,3,2,1
7735,1,0,1
7736,0,0,1
7737,4,3,1
7738,1,1,1
7739,3,4,1
7740,4,0,1
7741,4,2,1
7742,4,4,1
7743,2,0,1
7744,2,4,1
7745,4,4,1
7746,2,3,1
7747,2,0,1
7748,4,4,1
7749,2,4,1
7750,1,1,1
7751,3,0,1
7752,4,0,1
7753,2,1,1
7754,3,3,1
7755,4,1,1
7756,1,0,1
7757,0,2,1
7758,1,4,1
7759,0,1,1
7760,3,4,1
7761,1,2,1
7762,4,4,1
7763,4,3,1
7764,2,4,1
7765,0,1,1
7766,1,3,1
7767,3,3,1
7768,0,3,1
7769,3,0,1
7770,4,3,1
7771,2,3,1
7772,2,0,1
7773,0,4,1
7774,0,3,1
7775,3,3,1
7776,2,2,1
7777,2,4,1
7778,4,4,1
7779,0,2,1
7780,3,1,1
7781,3,2,1
7782,2,4,1
7783,1,3,1
7784,1,2,1
7785,2,3,1
7786,4,4,1
7787,1,2,1
7788,3,4,1
7789,2,2,1
7790,1,1,1
7791,3,0,1
7792,4,3,1
7793,4,4,1
7794,2,4,1
7795,1,0,1
7796,4,3,1
7797,3,1,1
7798,2,0,1
7799,4,3,1
7800,2,3,1
7801,3,2,1
7802,2,1,1
7803,2,0,1
7804,0,3,1
7805,2,2,1
7806,3,0,1
7807,2,1,1
7808,0,2,1
7809,2,4,1
7810,3,1,1
7811,1,2,1
7812,2,4,1
7813,1,2,1
7814,2,0,1
7815,4,1,1
7816,1,1,1
7817,3,4,1
7818,0,1,1
7819,1,2,1
7820,1,3,1
7821,1,0,1
7822,2,2,1
7823,3,4,1
7824,4,0,1
7825,4,4,1
7826,1,3,1
7827,2,4,1
7828,0,0,1
7829,2,4,1
7830,0,2,1
7831,0,0,1
7832,3,3,1
7833,1,0,1
7834,0,0,1
7835,0,1,1
7836,3,3,1
7837,3,1,1
7838,2,4,1
7839,1,1,1
7840,2,0,1
7841,2,0,1
7842,3,1,1
7843,2,1,1
7844,3,0,1
7845,3,1,1
7846,2,3,1
7847,1,0,1
7848,1,1,1
7849,3,3,1
7850,2,0,1
7851,1,2,1
7852,0,1,1
7853,4,0,1
7854,2,2,1
7855,3,4,1
7856,1,2,1
7857,3,3,1
7858,2,2,1
7859,1,1,1
7860,1,2,1
7861,3,1,1
7862,4,1,1
7863,4,2,1
7864,1,2,1
7865,4,1,1
7866,1,2,1
7867,4,0,1
7868,4,2,1
7869,0,1,1
7870,4,1,1
7871,1,3,1
7872,2,2,1
7873,2,1,1
7874,0,4,1
7875,3,4,1
7876,1,0,1
7877,4,3,1
7878,1,4,1
7879,1,0,1
7880,3,2,1
7881,4,0,1
7882,0,1,1
7883,0,4,1
7884,0,2,1
7885,1,2,1
7886,2,4,1
7887,0,1,1
7888,1,3,1
7889,2,4,1
7890,3,4,1
7891,1,0,1
7892,1,4,1
7893,3,1,1
7894,3,0,1
7895,1,2,1
7896,0,0,1
7897,4,0,1
7898,0,2,1
7899,2,2,1
7900,2,4,1
7901,4,0,1
7902,4,1,1
7903,1,0,1
7904,1,2,1
7905,2,4,1
7906,2,2,1
7907,4,3,1
7908,0,0,1
7909,0,2,1
7910,4,4,1
7911,0,3,1
7912,4,1,1
7913,1,4,1
7914,4,2,1
7915,3,4,1
7916,3,1,1
7917,1,2,1
7918,1,3,1
7919,3,2,1
7920,3,0,1
7921,0,3,1
7922,1,4,1
7923,1,1,1
7924,0,3,1
7925,4,3,1
7926,2,3,1
7927,2,0,1
7928,3,4,1
7929,1,3,1
7930,3,3,1
7931,1,4,1
7932,4,0,1
7933,0,3,1
7934,0,4,1
7935,4,1,1
7936,0,3,1
7937,0,2,1
7938,2,1,1
7939,2,2,1
7940,1,0,1
7941,0,2,1
7942,3,1,1
7943,1,2,1
7944,4,4,1
7945,3,2,1
7946,3,0,1
7947,2,0,1
7948,4,0,1
7949,3,0,1
7950,0,2,1
7951,4,4,1
7952,4,3,1
7953,3,0,1
7954,1,0,1
7955,2,1,1
7956,3,0,1
7957,0,3,1
7958,4,0,1
7959,1,1,1
7960,4,3,1
7961,2,4,1
7962,2,4,1
7963,1,4,1
7964,0,0,1
7965,0,3,1
7966,3,2,1
7967,3,1,1
7968,1,1,1
7969,4,1,1
7970,3,0,1
7971,3,1,1
7972,3,1,1
7973,4,0,1
7974,2,0,1
7975,2,3,1
7976,4,4,1
7977,2,4,1
7978,3,3,1
7979,3,0,1
7980,3,2,1
7981,3,0,1
7982,1,4,1
7983,0,3,1
7984,2,0,1
7985,0,3,1
7986,4,2,1
7987,0,3,1
7988,0,3,1
7989,2,0,1
7990,4,1,1
7991,1,4,1
7992,0,4,1
7993,3,1,1
7994,0,0,1
7995,4,1,1
7996,4,2,1
7997,3,0,1
7998,3,4,1
7999,0,3,1
8000,4,4,1
8001,3,3,1
8002,1,0,1
8003,3,2,1
8004,2,0,1
8005,1,1,1
8006,1,4,1
8007,4,4,1
8008,0,1,1
8009,3,0,1
8010,2,3,1
8011,3,1,1
8012,4,0,1
8013,4,1,1
8014,0,2,1
8015,1,0,1
8016,4,1,1
8017,2,4,1
8018,1,3,1
8019,0,1,1
8020,4,3,1
8021,1,3,1
8022,1,3,1
8023,0,3,1
8024,2,1,1
8025,3,2,1
8026,2,3,1
8027,4,1,1
8028,3,0,1
8029,4,4,1
8030,1,0,1
8031,4,0,1
8032,0,3,1
8033,2,3,1
8034,2,0,1
8035,0,1,1
8036,3,0,1
8037,4,3,1
8038,4,3,1
8039,1,2,1
8040,3,0,1
8041,1,4,1
8042,2,3,1
8043,2,4,1
8044,0,0,1
8045,0,2,1
8046,4,4,1
8047,2,4,1
8048,1,0,1
8049,4,1,1
8050,3,2,1
8051,4,3,1
8052,3,1,1
8053,1,3,1
8054,3,3,1
8055,2,3,1
8056,1,4,1
8057,0,0,1
8058,3,1,1
8059,3,3,1
8060,0,3,1
8061,2,1,1
8062,3,4,1
8063,4,2,1
8064,0,3,1
8065,2,0,1
8066,3,4,1
8067,2,3,1
8068,0,3,1
8069,0,0,1
8070,2,4,1
8071,0,3,1
8072,2,1,1
8073,1,2,1
8074,0,4,1
8075,3,1,1
8076,2,2,1
8077,3,2,1
8078,1,4,1
8079,0,4,1
8080,0,2,1
8081,2,2,1
8082,2,3,1
8083,0,4,1
8084,1,3,1
8085,2,3,1
8086,0,1,1
8087,0,2,1
8088,1,2,1
8089,3,3,1
8090,4,4,1
8091,3,0,1
8092,2,0,1
8093,2,0,1
8094,1,4,1
8095,1,1,1
8096,2,0,1
8097,0,3,1
8098,0,3,1
8099,4,3,1
8100,2,1,1
8101,0,3,1
8102,0,0,1
8103,2,1,1
8104,3,2,1
8105,1,0,1
8106,3,0,1
8107,0,0,1
8108,4,0,1
8109,1,4,1
8110,4,1,1
8111,0,2,1
8112,4,3,1
8113,0,0,1
8114,3,4,1
8115,3,1,1
8116,1,2,1
8117,2,0,1
8118,0,3,1
8119,1,4,1
8120,3,1,1
8121,2,3,1
8122,4,3,1
8123,2,2,1
8124,2,0,1
8125,0,4,1
8126,0,4,1
8127,2,2,1
8128,4,4,1
8129,4,0,1
8130,0,4,1
8131,0,4,1
8132,1,3,1
8133,4,1,1
8134,3,1,1
8135,1,4,1
8136,3,1,1
8137,0,0,1
8138,4,3,1
8139,2,4,1
8140,2,3,1
8141,0,0,1
8142,1,2,1
8143,2,4,1
8144,4,3,1
8145,4,2,1
8146,0,3,1
8147,2,1,1
8148,3,0,1
8149,0,4,1
8150,4,1,1
8151,0,0,1
8152,3,3,1
8153,0,1,1
8154,0,4,1
8155,2,2,1
8156,0,2,1
8157,3,3,1
8158,0,0,1
8159,4,1,1
8160,3,2,1
8161,2,3,1
8162,4,4,1
8163,0,2,1
8164,4,2,1
8165,3,2,1
8166,2,4,1
8167,2,0,1
8168,3,2,1
8169,4,2,1
8170,1,2,1
8171,0,1,1
8172,2,4,1
8173,4,0,1
8174,0,1,1
8175,2,0,1
8176,1,4,1
8177,0,1,1
8178,1,2,1
8179,1,2,1
8180,2,1,1
8181,3,3,1
8182,4,0,1
8183,3,4,1
8184,4,4,1
8185,2,0,1
8186,0,1,1
8187,0,1,1
8188,1,1,1
8189,0,3,1
8190,4,3,1
8191,0,3,1
8192,4,2,1
8193,3,0,1
8194,0,3,1
8195,1,0,1
8196,2,0,1
8197,3,1,1
8198,2,0,1
8199,4,0,1
8200,4,3,1
8201,0,4,1
8202,4,2,1
8203,2,3,1
8204,3,0,1
8205,4,0,1
8206,2,1,1
8207,2,1,1
8208,1,0,1
8209,1,0,1
8210,0,1,1
8211,0,0,1
8212,1,0,1
8213,3,0,1
8214,1,4,1
8215,2,2,1
8216,1,0,1
8217,3,0,1
8218,2,3,1
8219,2,4,1
8220,4,1,1
8221,3,1,1
8222,2,2,1
8223,4,3,1
8224,3,1,1
8225,2,4,1
8226,0,4,1
8227,0,1,1
8228,4,1,1
8229,0,1,1
8230,0,2,1
8231,3,0,1
8232,3,0,1
8233,4,4,1
8234,4,0,1
8235,0,0,1
8236,1,0,1
8237,3,2,1
8238,3,3,1
8239,4,3,1
8240,4,0,1
8241,2,2,1
8242,4,0,1
8243,2,4,1
8244,2,2,1
8245,4,4,1
8246,3,2,1
8247,2,4,1
8248,1,4,1
8249,2,4,1
8250,0,1,1
8251,4,3,1
8252,2,2,1
8253,2,3,1
8254,4,2,1
8255,1,0,1
8256,2,2,1
8257,1,1,1
8258,3,4,1
8259,0,1,1
8260,4,4,1
8261,0,3,1
8262,1,0,1
8263,4,4,1
8264,2,1,1
8265,0,2,1
8266,1,3,1
8267,4,3,1
8268,4,2,1
8269,4,2,1
8270,1,4,1
8271,1,1,1
8272,2,3,1
8273,2,1,1
8274,0,4,1
8275,4,1,1
8276,2,1,1
8277,1,2,1
8278,0,1,1
8279,2,2,1
8280,3,4,1
8281,2,1,1
8282,3,3,1
8283,3,1,1
8284,1,3,1
8285,2,1,1
8286,4,3,1
8287,3,3,1
8288,4,4,1
8289,3,3,1
8290,1,0,1
8291,0,3,1
8292,4,1,1
8293,2,1,1
8294,2,1,1
8295,3,4,1
8296,0,2,1
8297,3,4,1
8298,3,4,1
8299,4,0,1
8300,3,4,1
8301,3,0,1
8302,4,2,1
8303,4,2,1
8304,1,0,1
8305,2,3,1
8306,2,4,1
8307,3,3,1
8308,2,4,1
8309,2,1,1
8310,3,4,1
8311,2,1,1
8312,2,2,1
8313,0,1,1
8314,2,0,1
8315,1,2,1
8316,3,3,1
8317,3,1,1
8318,2,0,1
8319,4,1,1
8320,3,4,1
8321,1,2,1
8322,0,1,1
8323,2,2,1
8324,1,0,1
8325,0,4,1
8326,1,4,1
8327,4,1,1
8328,0,2,1
8329,0,0,1
8330,0,1,1
8331,2,2,1
8332,4,3,1
8333,4,1,1
8334,2,0,1
8335,4,1,1
8336,0,0,1
8337,2,0,1
8338,3,3,1
8339,4,1,1
8340,1,0,1
8341,3,0,1
8342,2,2,1
8343,2,4,1
8344,1,1,1
8345,3,1,1
8346,3,2,1
8347,4,2,1
8348,2,0,1
8349,2,2,0
8350,1,1,0
8351,2,0,0
8352,0,4,0
8353,0,3,0
8354,2,1,0
8355,1,0,0
8356,2,3,0
8357,1,1,0
8358,1,3,0
8359,4,0,0
8360,2,1,0
8361,2,2,0
8362,1,4,0
8363,3,4,0
8364,3,3,0
8365,1,1,0
8366,0,4,0
8367,4,2,0
8368,1,1,0
8369,3,0,0
8370,3,3,0
8371,1,3,0
8372,0,4,0
8373,3,4,0
8374,0,2,0
8375,3,3,0
8376,1,0,0
8377,2,3,0
8378,3,4,0
8379,4,0,0
8380,0,2,0
8381,3,0,0
8382,1,1,0
8383,4,4,0
8384,1,4,0
8385,3,0,0
8386,0,2,0
8387,4,1,0
8388,3,3,0
8389,0,0,0
8390,3,3,0
8391,0,1,0
8392,2,4,0
8393,2,3,0
8394,0,0,0
8395,4,4,0
8396,1,2,0
8397,4,0,0
8398,2,4,0
8399,4,2,0
8400,3,2,0
8401,1,4,0
8402,0,2,0
8403,0,3,0
8404,4,1,0
8405,1,4,0
8406,3,0,0
8407,1,2,0
8408,1,1,0
8409,0,4,0
8410,1,4,0
8411,3,2,0
8412,4,2,0
8413,4,1,0
8414,3,0,0
8415,4,3,0
8416,0,3,0
8417,1,0,0
8418,2,3,0
8419,2,3,0
8420,2,4,0
8421,3,0,0
8422,2,4,0
8423,4,0,0
8424,4,3,0
8425,0,1,0
8426,3,0,0
8427,4,0,0
8428,0,2,0
8429,1,4,0
8430,3,1,0
8431,1,2,0
8432,0,3,0
8433,4,3,0
8434,3,2,0
8435,1,4,0
8436,0,2,0
8437,2,3,0
8438,1,1,0
8439,4,1,0
8440,0,2,0
8441,1,1,0
8442,2,4,0
8443,2,3,0
8444,1,2,0
8445,3,4,0
8446,1,0,0
8447,1,2,0
8448,0,2,0
8449,0,1,0
8450,2,0,0
8451,4,3,0
8452,2,1,0
8453,3,0,0
8454,1,3,0
8455,0,4,0
8456,3,3,0
8457,2,0,0
8458,2,2,0
8459,4,1,0
8460,1,3,0
8461,4,1,0
8462,1,0,0
8463,2,3,0
8464,4,0,0
8465,1,4,0
8466,2,1,0
8467,3,4,0
8468,1,3,0
8469,4,2,0
8470,4,4,0
8471,3,3,0
8472,1,4,0
8473,1,2,0
8474,3,1,0
8475,4,3,0
8476,2,1,0
8477,4,2,0
8478,3,3,0
8479,1,2,0
8480,4,3,0
8481,3,2,0
8482,0,0,0
8483,3,4,0
8484,4,2,0
8485,2,2,0
8486,3,3,0
8487,0,4,0
8488,1,3,0
8489,4,0,0
8490,3,2,0
8491,3,3,0
8492,1,2,0
8493,3,4,0
8494,1,4,0
8495,3,1,0
8496,2,0,0
8497,2,4,0
8498,4,4,0
8499,2,3,0
8500,3,4,0
8501,2,2,0
8502,0,2,0
8503,3,4,0
8504,1,0,0
8505,3,2,0
8506,0,2,0
8507,4,4,0
8508,4,3,0
8509,2,0,0
8510,3,3,0
8511,3,3,0
8512,0,4,0
8513,0,2,0
8514,2,4,0
8515,1,0,0
8516,3,3,0
8517,0,2,0
8518,4,2,1
8519,4,4,1
8520,0,2,1
8521,3,1,1
8522,4,2,1
8523,4,3,1
8524,1,2,1
8525,2,0,1
8526,1,3,1
8527,2,2,1
8528,3,4,1
8529,4,2,1
8530,4,3,1
8531,3,2,1
8532,0,4,1
8533,1,0,1
8534,4,4,1
8535,1,1,1
8536,0,1,1
8537,4,3,1
8538,0,4,1
8539,3,4,1
8540,2,2,1
8541,3,4,1
8542,4,2,1
8543,0,2,1
8544,0,3,1
8545,0,2,1
8546,4,2,1
8547,1,2,1
8548,4,4,1
8549,3,3,1
8550,4,0,1
8551,1,0,1
8552,1,3,1
8553,4,0,1
8554,1,3,1
8555,2,3,1
8556,1,3,1
8557,0,0,1
8558,2,0,1
8559,1,3,1
8560,0,0,1
8561,2,0,1
8562,1,1,1
8563,1,4,1
8564,0,2,1
8565,0,0,1
8566,4,4,1
8567,0,3,1
8568,0,4,1
8569,4,1,1
8570,3,3,1
8571,0,0,1
8572,3,2,1
8573,3,3,1
8574,4,0,1
8575,2,3,1
8576,3,4,1
8577,2,4,1
8578,0,2,1
8579,4,0,1
8580,0,2,1
8581,3,2,1
8582,4,2,1
8583,3,4,1
8584,0,2,1
8585,2,0,1
8586,0,3,1
8587,1,2,1
8588,1,3,1
8589,2,3,1
8590,0,0,1
8591,2,3,1
8592,0,4,1
8593,2,1,1
8594,2,0,1
8595,2,1,1
8596,2,0,1
8597,0,2,1
8598,1,4,1
8599,1,2,1
8600,0,1,1
8601,3,1,1
8602,0,1,1
8603,4,0,1
8604,3,3,1
8605,0,4,1
8606,4,4,1
8607,0,2,1
8608,0,1,1
8609,2,4,1
8610,3,0,1
8611,2,3,1
8612,1,1,1
8613,0,1,1
8614,1,1,1
8615,3,0,1
8616,0,4,1
8617,0,3,1
8618,1,2,1
8619,3,4,1
8620,4,4,1
8621,3,2,1
8622,1,3,1
8623,1,2,1
8624,4,3,1
8625,3,1,1
8626,3,3,1
8627,4,1,1
8628,1,2,1
8629,0,4,1
8630,2,0,1
8631,3,2,1
8632,1,0,1
8633,0,1,1
8634,4,1,1
8635,0,3,1
8636,0,0,1
8637,2,1,1
8638,2,3,1
8639,2,4,1
8640,4,2,1
8641,1,2,1
8642,1,0,1
8643,4,3,1
8644,0,1,1
8645,1,4,1
8646,2,0,1
8647,3,0,1
8648,0,4,1
8649,4,2,1
8650,0,4,1
8651,1,0,1
8652,3,3,1
8653,2,2,1
8654,2,4,1
8655,4,2,1
8656,1,1,1
8657,1,3,1
8658,2,1,1
8659,0,2,1
8660,1,3,1
8661,2,3,1
8662,2,4,1
8663,1,0,1
8664,0,4,1
8665,2,3,1
8666,4,2,1
8667,1,0,1
8668,2,4,1
8669,1,2,1
8670,4,0,1
8671,2,1,1
8672,2,2,1
8673,0,2,1
8674,4,2,1
8675,1,2,1
8676,2,1,1
8677,2,2,0
8678,2,3,0
8679,4,2,0
8680,3,0,0
8681,0,0,0
8682,3,1,0
8683,3,3,0
8684,1,1,0
8685,1,2,0
8686,3,2,0
8687,0,2,0
8688,0,3,0
8689,2,0,0
8690,2,2,0
8691,3,2,0
8692,1,4,0
8693,2,2,0
8694,3,0,0
8695,1,2,0
8696,3,1,0
8697,4,4,0
8698,0,0,0
8699,0,4,0
8700,2,3,0
8701,1,4,0
8702,4,3,0
8703,1,4,0
8704,4,2,0
8705,1,4,0
8706,1,4,0
8707,0,2,0
8708,4,2,0
8709,2,4,0
8710,3,4,0
8711,3,2,0
8712,3,4,0
8713,0,3,0
8714,1,0,0
8715,4,2,0
8716,3,1,0
8717,0,2,0
8718,3,4,0
8719,3,4,0
8720,2,3,0
8721,0,4,0
8722,1,3,0
8723,4,4,0
8724,1,2,0
8725,0,1,0
8726,4,2,0
8727,0,2,0
8728,1,1,0
8729,3,1,0
8730,1,4,0
8731,0,2,0
8732,2,0,0
8733,1,2,0
8734,0,0,0
8735,0,4,0
8736,2,4,0
8737,0,2,0
8738,4,4,0
8739,4,4,0
8740,4,0,0
8741,2,1,0
8742,1,2,0
8743,2,1,0
8744,3,0,0
8745,2,4,0
8746,3,1,0
8747,3,2,0
8748,1,1,0
8749,2,3,0
8750,0,0,0
8751,2,2,0
8752,0,2,0
8753,0,0,0
8754,2,1,0
8755,1,4,0
8756,4,3,0
8757,0,4,0
8758,2,3,0
8759,2,0,0
8760,2,4,0
8761,1,2,0
8762,2,2,0
8763,1,0,0
8764,2,0,0
8765,4,2,0
8766,2,1,0
8767,4,2,0
8768,0,4,0
8769,4,1,0
8770,3,1,0
8771,4,3,0
8772,1,3,0
8773,1,1,0
8774,4,2,0
8775,2,3,0
8776,1,4,0
8777,1,1,0
8778,4,3,0
8779,3,1,0
8780,4,3,0
8781,2,1,0
8782,2,1,0
8783,3,4,0
8784,4,4,0
8785,0,1,0
8786,1,1,0
8787,0,3,0
8788,2,4,0
8789,2,3,0
8790,3,4,0
8791,2,4,0
8792,3,2,0
8793,2,2,0
8794,2,0,0
8795,0,2,0
8796,4,1,0
8797,0,4,0
8798,3,1,0
8799,2,3,0
8800,3,2,0
8801,1,1,0
8802,3,0,0
8803,4,4,0
8804,4,0,0
8805,2,2,0
8806,2,2,0
8807,1,0,0
8808,4,1,0
8809,4,0,0
8810,3,2,0
8811,1,2,0
8812,2,3,0
8813,4,3,0
8814,1,1,0
8815,4,4,0
8816,3,1,0
8817,1,2,0
8818,0,3,0
8819,2,2,0
8820,4,2,0
8821,2,4,0
8822,4,3,0
8823,4,4,0
8824,2,1,0
8825,2,3,0
8826,4,3,0
8827,0,1,0
8828,0,2,0
8829,2,3,0
8830,4,4,0
8831,2,1,0
8832,3,0,0
8833,4,3,0
8834,0,3,0
8835,1,4,0
8836,0,2,0
8837,0,0,0
8838,2,1,0
8839,2,2,0
8840,3,3,0
8841,2,1,0
8842,3,0,0
8843,3,4,0
8844,1,0,0
8845,4,1,0
8846,2,4,0
8847,4,1,0
8848,0,3,0
8849,3,2,0
8850,3,2,0
8851,3,4,0
8852,3,2,0
8853,2,2,0
8854,2,1,0
8855,3,1,0
8856,1,2,0
8857,1,2,0
8858,2,4,0
8859,0,2,0
8860,2,4,0
8861,2,3,0
8862,1,4,0
8863,3,4,0
8864,2,3,0
8865,3,2,0
8866,2,1,0
8867,4,4,0
8868,2,4,0
8869,3,4,0
8870,1,4,0
8871,3,1,0
8872,1,1,0
8873,1,4,0
8874,4,1,0
8875,3,2,0
8876,3,1,0
8877,2,2,0
8878,2,1,0
8879,2,3,0
8880,0,3,0
8881,2,2,0
8882,1,0,0
8883,4,4,0
8884,1,1,0
8885,4,0,0
8886,4,4,0
8887,0,0,0
8888,3,1,0
8889,3,2,0
8890,4,1,0
8891,1,4,0
8892,1,2,0
8893,4,2,0
8894,0,0,0
8895,2,4,0
8896,2,0,0
8897,2,2,0
8898,2,2,0
8899,2,0,0
8900,3,1,0
8901,4,2,0
8902,4,3,0
8903,0,3,0
8904,4,0,0
8905,1,0,0
8906,3,2,0
8907,2,3,0
8908,0,1,0
8909,3,4,0
8910,4,4,0
8911,1,0,0
8912,3,3,0
8913,4,4,0
8914,4,0,0
8915,1,4,0
8916,4,2,0
8917,4,2,0
8918,2,3,0
8919,1,4,0
8920,3,2,0
8921,0,2,0
8922,0,0,0
8923,2,0,0
8924,1,4,0
8925,4,4,0
8926,1,3,0
8927,1,2,0
8928,4,2,0
8929,4,2,0
8930,0,3,0
8931,1,2,0
8932,4,4,0
8933,4,4,0
8934,4,4,0
8935,4,2,0
8936,0,3,0
8937,1,3,0
8938,1,4,0
8939,4,2,0
8940,4,3,0
8941,0,1,0
8942,4,3,0
8943,0,2,0
8944,1,0,0
8945,4,0,0
8946,2,3,0
8947,4,3,0
8948,4,2,0
8949,1,1,0
8950,1,1,0
8951,0,3,0
8952,3,0,0
8953,4,3,0
8954,2,3,0
8955,0,1,0
8956,3,2,0
8957,1,1,0
8958,3,0,0
8959,1,1,0
8960,4,0,0
8961,2,1,0
8962,1,4,0
8963,2,0,0
8964,2,3,0
8965,4,1,0
8966,0,0,0
8967,0,2,0
8968,2,3,0
8969,0,3,0
8970,0,2,0
8971,1,0,0
8972,1,3,0
8973,2,3,0
8974,1,0,0
8975,3,3,0
8976,2,3,0
8977,2,2,0
8978,0,0,0
8979,2,2,0
8980,0,3,0
8981,1,1,0
8982,3,1,0
8983,0,3,0
8984,3,2,0
8985,1,1,0
8986,2,2,0
8987,3,3,0
8988,3,1,0
8989,2,1,0
8990,1,1,0
8991,4,0,0
8992,3,1,0
8993,0,0,0
8994,4,2,0
8995,2,0,0
8996,1,1,0
8997,2,3,0
8998,2,0,0
8999,3,2,0
9000,4,0,0
9001,1,0,0
9002,4,1,0
9003,3,4,0
9004,1,3,0
9005,2,1,0
9006,3,4,0
9007,4,2,0
9008,3,2,0
9009,4,4,0
9010,4,4,0
9011,1,1,0
9012,3,0,0
9013,0,2,0
9014,4,2,0
9015,4,4,0
9016,0,2,0
9017,0,4,0
9018,0,3,0
9019,4,3,0
9020,1,3,0
9021,0,3,0
9022,1,0,0
9023,1,1,0
9024,2,0,0
9025,0,4,0
9026,0,4,0
9027,2,4,0
9028,1,1,0
9029,3,4,0
9030,0,3,0
9031,3,4,0
9032,4,3,0
9033,4,2,0
9034,0,1,0
9035,2,4,0
9036,0,3,0
9037,0,3,0
9038,2,4,0
9039,1,2,0
9040,3,4,0
9041,3,4,0
9042,1,2,0
9043,0,2,0
9044,0,0,0
9045,3,3,0
9046,0,4,0
9047,4,3,0
9048,1,3,0
9049,3,1,0
9050,0,4,0
9051,2,0,0
9052,3,3,0
9053,1,2,0
9054,4,2,0
9055,4,2,0
9056,2,0,0
9057,1,3,0
9058,2,1,0
9059,2,3,0
9060,2,3,0
9061,1,4,0
9062,4,3,0
9063,2,2,0
9064,3,3,0
9065,1,1,0
9066,3,0,0
9067,1,3,0
9068,4,4,0
9069,2,3,0
9070,4,2,0
9071,0,2,0
9072,3,2,0
9073,2,1,0
9074,4,4,0
9075,4,4,0
9076,1,1,0
9077,4,0,0
9078,2,3,0
9079,0,2,0
9080,1,4,0
9081,0,1,0
9082,0,2,0
9083,2,2,0
9084,4,3,0
9085,1,1,0
9086,0,4,0
9087,2,0,0
9088,2,4,0
9089,1,3,0
9090,3,4,0
9091,3,4,0
9092,1,2,0
9093,0,4,0
9094,0,1,0
9095,2,2,0
9096,2,2,0
9097,3,1,0
9098,1,1,0
9099,2,4,0
9100,1,1,0
9101,4,0,0
9102,0,1,0
9103,2,1,0
9104,3,3,0
9105,2,0,0
9106,0,0,0
9107,2,1,0
9108,2,4,0
9109,4,1,0
9110,3,3,0
9111,2,2,0
9112,1,0,0
9113,2,1,0
9114,2,4,0
9115,0,2,0
9116,3,4,0
9117,4,0,0
9118,0,3,0
9119,2,3,0
9120,3,3,0
9121,1,0,0
9122,4,2,0
9123,3,4,0
9124,1,2,0
9125,4,2,0
9126,4,3,0
9127,2,1,0
9128,1,1,0
9129,1,3,0
9130,1,1,0
9131,0,3,0
9132,3,1,0
9133,4,1,0
9134,4,4,0
9135,1,1,0
9136,4,2,0
9137,2,2,0
9138,2,4,0
9139,3,0,0
9140,3,2,0
9141,0,2,0
9142,1,3,0
9143,4,4,0
9144,1,0,0
9145,0,3,0
9146,3,3,0
9147,3,3,0
9148,3,2,0
9149,2,1,0
9150,4,3,0
9151,1,4,0
9152,4,1,0
9153,2,3,0
9154,4,0,0
9155,3,1,0
9156,2,3,0
9157,0,2,0
9158,3,3,0
9159,4,0,0
9160,4,4,0
9161,4,0,0
9162,0,2,0
9163,1,0,0
9164,3,0,0
9165,0,3,0
9166,0,2,0
9167,2,0,0
9168,0,4,0
9169,1,3,0
9170,2,3,0
9171,1,1,0
9172,4,1,0
9173,1,2,0
9174,4,2,0
9175,1,0,0
9176,0,1,0
9177,2,3,0
9178,3,1,0
9179,0,3,0
9180,3,3,0
9181,3,3,0
9182,4,3,0
9183,2,2,0
9184,0,4,0
9185,2,0,0
9186,4,3,0
9187,1,3,0
9188,2,3,0
9189,1,0,0
9190,3,2,0
9191,0,4,0
9192,3,1,0
9193,2,1,0
9194,4,0,0
9195,3,0,0
9196,0,2,0
9197,3,2,0
9198,3,4,0
9199,1,2,0
9200,1,0,0
9201,4,2,0
9202,2,4,0
9203,3,1,0
9204,3,4,0
9205,2,3,0
9206,0,4,0
9207,3,1,0
9208,3,0,0
9209,4,0,0
9210,3,2,0
9211,0,2,0
9212,0,4,0
9213,1,4,0
9214,4,2,0
9215,3,2,0
9216,3,3,0
9217,3,0,0
9218,0,2,0
9219,3,1,0
9220,0,3,0
9221,4,1,0
9222,1,4,0
9223,2,3,0
9224,2,0,0
9225,2,3,0
9226,4,3,0
9227,4,2,0
9228,2,3,0
9229,1,4,0
9230,1,1,0
9231,4,0,0
9232,0,0,0
9233,2,1,0
9234,1,3,0
9235,3,2,0
9236,1,0,0
9237,2,0,0
9238,2,1,0
9239,0,0,0
9240,4,2,0
9241,4,2,0
9242,3,3,0
9243,1,0,0
9244,2,3,0
9245,1,2,0
9246,4,3,0
9247,1,4,0
9248,1,3,0
9249,3,3,0
9250,1,1,0
9251,3,3,0
9252,4,4,0
9253,0,4,0
9254,0,3,0
9255,2,4,0
9256,3,0,0
9257,3,1,0
9258,0,4,0
9259,4,4,0
9260,0,3,0
9261,3,0,0
9262,0,0,0
9263,0,3,0
9264,4,1,0
9265,0,1,0
9266,1,0,0
9267,4,4,0
9268,1,4,0
9269,4,2,0
9270,4,1,0
9271,0,3,0
9272,4,0,0
9273,4,2,0
9274,4,3,0
9275,0,1,0
9276,0,1,0
9277,4,4,0
9278,0,3,0
9279,3,3,0
9280,0,0,0
9281,3,4,0
9282,0,4,0
9283,0,0,0
9284,4,3,0
9285,4,3,0
9286,0,0,0
9287,0,4,0
9288,3,0,0
9289,0,1,0
9290,1,1,0
9291,2,3,0
9292,3,2,0
9293,2,1,0
9294,2,3,0
9295,2,2,0
9296,3,2,0
9297,3,2,0
9298,2,0,0
9299,2,3,0
9300,3,3,0
9301,0,1,0
9302,3,4,0
9303,3,3,0
9304,1,4,0
9305,4,1,0
9306,1,3,0
9307,0,3,0
9308,2,0,0
9309,2,0,0
9310,4,0,0
9311,3,2,0
9312,4,4,0
9313,4,4,0
9314,2,2,0
9315,3,2,0
9316,3,4,0
9317,2,1,0
9318,3,3,0
9319,1,2,0
9320,0,1,0
9321,0,0,0
9322,4,1,0
9323,4,3,0
9324,0,2,0
9325,1,2,0
9326,1,1,0
9327,1,0,0
9328,1,4,0
9329,4,0,0
9330,2,3,0
9331,0,0,0
9332,1,4,0
9333,1,1,0
9334,1,2,0
9335,2,3,0
9336,3,2,0
9337,3,4,0
9338,0,4,0
9339,0,2,0
9340,4,4,0
9341,2,4,0
9342,0,0,0
9343,1,4,0
9344,2,2,0
9345,2,1,0
9346,3,0,0
9347,0,2,0
9348,4,3,0
9349,0,2,0
9350,1,1,0
9351,2,1,0
9352,1,0,0
9353,4,3,0
9354,3,0,0
9355,1,4,0
9356,4,2,0
9357,0,4,0
9358,2,3,0
9359,1,0,0
9360,2,4,0
9361,1,0,0
9362,1,2,0
9363,2,0,0
9364,2,2,0
9365,0,3,0
9366,1,3,0
9367,1,2,0
9368,4,1,0
9369,1,2,0
9370,1,4,0
9371,0,3,0
9372,4,3,0
9373,3,2,0
9374,3,2,0
9375,4,1,0
9376,0,4,0
9377,2,3,0
9378,4,3,0
9379,2,4,0
9380,0,2,0
9381,4,2,0
9382,1,1,0
9383,0,3,0
9384,0,3,0
9385,0,3,0
9386,3,0,0
9387,1,4,0
9388,3,2,0
9389,2,1,0
9390,0,0,0
9391,4,2,0
9392,0,3,0
9393,0,4,0
9394,3,2,0
9395,1,0,0
9396,0,0,0
9397,0,4,0
9398,0,4,0
9399,0,4,0
9400,0,2,0
9401,3,3,0
9402,3,0,0
9403,3,2,0
9404,0,2,0
9405,4,2,0
9406,0,2,0
9407,1,3,0
9408,2,4,0
9409,3,0,0
9410,4,0,0
9411,3,0,0
9412,3,2,0
9413,2,1,0
9414,1,1,0
9415,1,0,0
9416,0,1,0
9417,1,4,0
9418,0,3,0
9419,3,2,0
9420,3,2,0
9421,0,2,0
9422,3,0,0
9423,2,1,0
9424,0,2,0
9425,2,1,0
9426,2,4,0
9427,0,2,0
9428,2,0,0
9429,3,1,0
9430,2,3,0
9431,2,3,0
9432,2,4,0
9433,1,3,0
9434,2,4,0
9435,1,4,0
9436,1,0,0
9437,0,0,0
9438,2,4,0
9439,3,4,0
9440,2,3,0
9441,1,0,0
9442,4,3,0
9443,3,2,0
9444,4,0,0
9445,3,0,0
9446,1,2,0
9447,2,0,0
9448,0,2,0
9449,3,4,0
9450,4,4,0
9451,3,0,0
9452,1,3,0
9453,1,2,0
9454,4,4,0
9455,4,0,0
9456,0,0,0
9457,3,3,0
9458,3,0,0
9459,3,4,0
9460,1,3,0
9461,3,3,0
9462,3,0,0
9463,2,1,0
9464,3,3,0
9465,0,3,0
9466,3,0,0
9467,4,4,0
9468,4,1,0
9469,0,1,0
9470,4,0,0
9471,3,1,0
9472,4,4,0
9473,4,2,0
9474,1,2,0
9475,2,1,0
9476,4,2,0
9477,4,1,0
9478,3,1,0
9479,3,3,0
9480,4,2,0
9481,3,4,0
9482,3,2,0
9483,3,0,0
9484,3,4,0
9485,0,3,0
9486,0,2,0
9487,1,2,0
9488,2,4,0
9489,4,0,0
9490,3,0,0
9491,4,2,0
9492,4,1,0
9493,2,4,0
9494,0,0,0
9495,1,0,0
9496,2,3,0
9497,3,3,0
9498,1,0,0
9499,3,4,0
9500,4,2,0
9501,4,0,0
9502,2,4,0
9503,1,4,0
9504,2,4,0
9505,1,2,0
9506,4,1,0
9507,0,1,0
9508,0,2,0
9509,4,4,0
9510,2,1,0
9511,0,1,0
9512,2,1,0
9513,2,4,0
9514,2,4,0
9515,3,4,0
9516,4,0,0
9517,2,1,0
9518,3,0,0
9519,4,4,0
9520,2,3,0
9521,3,1,0
9522,0,1,0
9523,2,4,0
9524,0,4,0
9525,0,2,0
9526,1,3,0
9527,2,3,0
9528,3,1,0
9529,2,2,0
9530,4,3,0
9531,0,4,0
9532,0,1,0
9533,0,2,0
9534,0,0,0
9535,1,4,0
9536,4,3,0
9537,1,3,0
9538,4,2,0
9539,1,2,0
9540,4,1,0
9541,2,3,0
9542,1,0,0
9543,2,2,0
9544,4,0,0
9545,4,0,0
9546,3,0,0
9547,2,0,0
9548,3,4,0
9549,1,3,0
9550,3,1,0
9551,3,0,0
9552,1,2,0
9553,1,3,0
9554,3,3,0
9555,3,3,0
9556,2,0,0
9557,1,0,0
9558,4,2,0
9559,2,3,0
9560,3,3,0
9561,3,0,0
9562,4,2,0
9563,1,2,0
9564,1,0,0
9565,2,4,0
9566,0,1,0
9567,2,3,0
9568,2,3,0
9569,1,0,0
9570,4,0,0
9571,2,4,0
9572,2,4,0
9573,1,4,0
9574,1,3,0
9575,1,3,0
9576,2,1,0
9577,1,0,0
9578,3,2,0
9579,1,1,0
9580,2,2,0
9581,1,0,0
9582,2,0,0
9583,1,3,0
9584,4,1,0
9585,0,2,0
9586,3,2,0
9587,4,2,0
9588,4,0,0
9589,2,3,0
9590,2,1,0
9591,1,1,0
9592,1,3,0
9593,0,1,0
9594,4,2,0
9595,4,3,0
9596,1,3,0
9597,1,2,0
9598,3,0,0
9599,3,4,0
9600,3,4,0
9601,4,4,0
9602,2,2,0
9603,3,2,0
9604,4,2,0
9605,2,2,0
9606,1,3,0
9607,4,1,0
9608,4,1,0
9609,2,3,0
9610,0,1,0
9611,0,0,0
9612,3,4,0
9613,2,4,0
9614,0,1,0
9615,0,4,0
9616,1,4,0
9617,4,1,0
9618,2,2,0
9619,1,2,0
9620,0,3,0
9621,3,2,0
9622,4,2,0
9623,3,0,0
9624,3,3,0
9625,1,2,0
9626,1,3,0
9627,1,4,0
9628,2,1,0
9629,3,3,0
9630,2,3,0
9631,0,2,0
9632,0,4,0
9633,0,0,0
9634,0,4,0
9635,4,4,0
9636,4,4,0
9637,0,3,0
9638,3,3,0
9639,1,1,0
9640,3,2,0
9641,2,4,0
9642,3,0,0
9643,4,2,0
9644,1,3,0
9645,4,2,0
9646,1,0,0
9647,1,4,0
9648,0,1,0
9649,2,4,0
9650,4,3,0
9651,0,2,0
9652,0,1,0
9653,2,0,0
9654,1,4,0
9655,2,2,0
9656,3,4,0
9657,2,4,0
9658,4,3,0
9659,0,4,0
9660,1,2,0
9661,4,1,0
9662,1,4,0
9663,3,1,0
9664,2,3,0
9665,4,1,0
9666,4,2,0
9667,2,3,0
9668,0,0,0
9669,0,1,0
9670,2,0,0
9671,1,2,0
9672,4,2,0
9673,0,0,0
9674,4,3,0
9675,4,0,0
9676,3,3,0
9677,1,4,0
9678,1,3,0
9679,4,1,0
9680,0,2,0
9681,0,4,0
9682,3,2,0
9683,3,0,0
9684,1,4,0
9685,4,0,0
9686,4,0,0
9687,4,4,0
9688,4,0,0
9689,3,2,0
9690,1,0,0
9691,3,2,0
9692,2,0,0
9693,1,2,0
9694,1,0,0
9695,4,1,0
9696,1,4,0
9697,2,3,0
9698,0,2,0
9699,2,3,0
9700,3,4,0
9701,1,2,0
9702,2,2,0
9703,1,1,0
9704,1,4,0
9705,1,0,0
9706,0,1,0
9707,1,3,0
9708,2,3,0
9709,0,4,0
9710,2,3,0
9711,0,2,0
9712,3,3,0
9713,1,3,0
9714,3,4,0
9715,0,1,0
9716,3,4,0
9717,2,1,0
9718,3,2,0
9719,0,0,0
9720,3,1,0
9721,4,1,0
9722,0,2,0
9723,1,0,0
9724,4,2,0
9725,4,2,0
9726,2,2,0
9727,0,1,0
9728,3,4,0
9729,3,0,0
9730,4,0,0
9731,0,3,0
9732,3,0,0
9733,2,0,0
9734,1,1,0
9735,2,4,0
9736,2,0,0
9737,4,2,0
9738,1,4,0
9739,0,4,0
9740,4,2,0
9741,3,3,0
9742,2,3,0
9743,2,0,0
9744,0,1,0
9745,3,0,0
9746,0,3,0
9747,2,0,0
9748,1,1,0
9749,2,4,0
9750,4,4,0
9751,2,1,0
9752,3,0,0
9753,2,3,0
9754,4,1,0
9755,0,2,0
9756,0,0,0
9757,3,2,0
9758,3,2,0
9759,3,0,0
9760,2,4,0
9761,4,2,0
9762,4,2,0
9763,2,3,0
9764,3,2,0
9765,2,4,0
9766,4,3,0
9767,4,1,0
9768,1,1,0
9769,2,3,0
9770,0,0,0
9771,4,0,0
9772,3,4,0
9773,3,0,0
9774,3,3,0
9775,1,3,0
9776,4,2,0
9777,1,0,0
9778,1,4,0
9779,0,3,0
9780,3,0,0
9781,4,4,0
9782,3,0,0
9783,2,0,0
9784,4,0,0
9785,0,2,0
9786,3,0,0
9787,1,3,0
9788,1,2,0
9789,0,2,0
9790,0,4,0
9791,4,3,0
9792,2,1,0
9793,2,2,0
9794,0,0,0
9795,4,2,0
9796,0,3,0
9797,3,2,0
9798,1,1,0
9799,3,3,0
9800,2,4,0
9801,4,4,0
9802,0,2,0
9803,0,0,0
9804,0,0,0
9805,3,4,0
9806,1,4,0
9807,0,2,0
9808,2,3,0
9809,3,0,0
9810,2,3,0
9811,4,1,0
9812,4,4,0
9813,4,2,0
9814,2,4,0
9815,1,4,0
9816,1,1,0
9817,4,4,0
9818,4,0,0
9819,0,4,0
9820,3,1,0
9821,0,0,0
9822,0,4,0
9823,3,3,0
9824,1,3,0
9825,0,0,0
9826,4,1,0
9827,1,3,0
9828,4,2,0
9829,2,2,0
9830,4,2,0
9831,4,4,0
9832,0,4,0
9833,1,3,0
9834,1,1,0
9835,2,4,0
9836,1,2,0
9837,0,4,0
9838,2,0,0
9839,0,4,0
9840,3,4,0
9841,4,1,0
9842,1,3,0
9843,1,2,0
9844,2,1,0
9845,2,3,0
9846,0,1,0
9847,1,3,0
9848,2,0,0
9849,0,4,0
9850,1,3,0
9851,1,4,0
9852,0,4,0
9853,0,2,0
9854,4,0,0
9855,1,0,0
9856,3,1,0
9857,0,1,0
9858,1,3,0
9859,2,0,0
9860,0,1,0
9861,0,2,0
9862,4,2,0
9863,2,0,0
9864,0,1,0
9865,1,2,0
9866,3,1,0
9867,3,3,0
9868,3,1,0
9869,3,1,0
9870,4,1,0
9871,0,2,0
9872,4,0,0
9873,4,0,0
9874,0,3,0
9875,0,2,0
9876,1,2,0
9877,4,4,0
9878,1,1,0
9879,2,1,0
9880,1,1,0
9881,3,3,0
9882,0,1,0
9883,4,1,0
9884,1,0,0
9885,1,3,0
9886,0,4,0
9887,1,3,0
9888,1,1,0
9889,0,0,0
9890,3,4,0
9891,1,2,0
9892,1,4,0
9893,3,3,0
9894,3,1,0
9895,1,2,0
9896,3,2,0
9897,0,4,0
9898,1,4,0
9899,2,4,0
9900,1,3,0
9901,3,4,0
9902,0,1,0
9903,3,2,0
9904,2,0,0
9905,3,2,0
9906,3,4,0
9907,1,1,0
9908,4,3,0
9909,0,0,0
9910,0,4,0
9911,2,1,0
9912,4,4,0
9913,1,2,0
9914,2,0,0
9915,4,1,0
9916,0,2,0
9917,0,4,0
9918,4,3,0
9919,2,0,0
9920,1,3,0
9921,2,0,0
9922,0,0,0
9923,0,2,0
9924,1,4,0
9925,2,0,0
9926,3,1,0
9927,4,0,0
9928,3,3,0
9929,0,0,0
9930,3,1,0
9931,4,1,0
9932,0,3,0
9933,2,3,0
9934,3,4,0
9935,2,0,0
9936,0,1,0
9937,0,2,0
9938,2,3,0
9939,2,4,0
9940,3,3,0
9941,4,4,0
9942,0,1,0
9943,2,3,0
9944,1,2,0
9945,4,3,0
9946,2,4,0
9947,0,3,0
9948,3,1,0
9949,2,4,0
9950,1,1,0
9951,4,4,0
9952,0,3,0
9953,1,1,0
9954,0,2,0
9955,3,4,0
9956,0,2,0
9957,3,4,0
9958,0,3,0
9959,4,4,0
9960,0,0,0
9961,1,0,0
9962,0,2,0
9963,3,2,0
9964,1,1,0
9965,1,2,0
9966,2,1,0
9967,1,4,0
9968,4,0,0
9969,3,2,0
9970,3,0,0
9971,4,1,0
9972,1,2,0
9973,4,0,0
9974,2,2,0
9975,1,2,0
9976,2,0,0
9977,3,2,0
9978,0,4,0
9979,2,2,0
9980,3,4,0
9981,3,0,0
9982,1,0,0
9983,4,2,0
9984,0,4,0
9985,3,4,0
9986,2,4,0
9987,1,0,0
9988,4,4,0
9989,4,1,0
9990,0,2,0
9991,1,0,0
9992,2,2,0
9993,1,4,0
9994,1,4,0
9995,4,1,0
9996,4,2,0
9997,3,0,0
9998,2,3,0
9999,3,0,0
10000,4,0,0
10001,0,0,0
10002,0,0,0
10003,1,0,0
10004,2,3,0
10005,0,2,0
10006,2,0,0
10007,0,2,0
10008,0,3,0
10009,0,3,0
10010,0,1,0
10011,0,2,0
10012,0,0,0
10013,3,2,0
10014,3,0,0
10015,2,2,0
10016,3,0,0
10017,4,4,0
10018,1,0,0
10019,0,3,0
10020,4,4,0
10021,1,0,0
10022,1,3,0
10023,4,1,0
10024,0,0,0
10025,4,0,0
10026,4,0,0
10027,4,4,0
10028,1,0,0
10029,0,0,0
10030,4,4,0
10031,4,1,0
10032,0,0,0
10033,0,1,0
10034,2,2,0
10035,4,1,0
10036,4,4,0
10037,3,0,0
10038,1,3,0
10039,3,3,0
10040,3,0,0
10041,4,2,0
10042,1,0,0
10043,2,1,0
10044,4,3,0
10045,3,1,0
10046,2,4,0
10047,1,3,0
10048,4,1,0
10049,3,0,0
10050,0,1,0
10051,3,2,0
10052,4,0,0
10053,1,2,0
10054,3,2,0
10055,3,3,0
10056,3,2,0
10057,2,1,0
10058,4,4,0
10059,2,3,0
10060,1,2,0
10061,4,4,0
10062,3,3,0
10063,0,2,0
10064,4,0,0
10065,4,0,0
10066,4,0,0
10067,0,1,0
10068,3,3,0
10069,1,2,0
10070,4,0,0
10071,2,0,0
10072,0,1,0
10073,0,2,0
10074,4,3,0
10075,4,4,0
10076,2,4,0
10077,4,4,0
10078,2,2,0
10079,3,2,0
10080,1,2,0
10081,1,2,0
10082,4,0,0
10083,1,4,0
10084,2,0,0
10085,2,1,0
10086,2,1,0
10087,3,0,0
10088,0,2,0
10089,0,1,0
10090,1,4,0
10091,0,2,0
10092,1,4,0
10093,3,1,0
10094,4,2,0
10095,0,0,0
10096,1,4,0
10097,2,4,0
10098,3,3,0
10099,0,0,0
10100,3,0,0
10101,1,2,0
10102,2,4,0
10103,0,0,0
10104,2,2,0
10105,3,2,0
10106,2,1,0
10107,3,1,0
10108,0,4,0
10109,1,1,0
10110,1,4,0
10111,2,3,0
10112,1,3,0
10113,4,4,0
10114,1,2,0
10115,2,0,0
10116,2,1,0
10117,4,2,0
10118,4,3,0
10119,0,3,0
10120,3,4,0
10121,1,2,0
10122,1,2,0
10123,1,2,0
10124,0,0,0
10125,4,2,0
10126,4,0,0
10127,4,3,0
10128,2,3,0
10129,0,4,0
10130,3,4,0
10131,4,2,0
10132,3,3,0
10133,0,0,0
10134,1,3,0
10135,1,0,0
10136,1,2,0
10137,1,0,0
10138,2,4,0
10139,1,1,0
10140,3,0,0
10141,0,4,0
10142,2,3,0
10143,2,0,0
10144,1,2,0
10145,2,0,0
10146,3,0,0
10147,1,4,0
10148,4,0,0
10149,2,1,0
10150,2,4,0
10151,4,4,0
10152,0,3,0
10153,3,0,0
10154,0,3,0
10155,3,4,0
10156,3,0,0
10157,3,1,0
10158,3,0,0
10159,0,1,0
10160,4,4,0
10161,4,0,0
10162,2,3,0
10163,0,2,0
10164,0,4,0
10165,0,0,0
10166,2,2,0
10167,3,0,0
10168,0,4,0
10169,0,4,0
10170,4,0,0
10171,1,0,0
10172,2,4,0
10173,4,4,0
10174,1,2,0
10175,3,4,0
10176,2,2,0
10177,2,0,0
10178,1,4,0
10179,0,2,0
10180,4,0,0
10181,2,3,0
10182,3,1,0
10183,1,0,0
10184,2,1,0
10185,2,4,0
10186,1,3,0
10187,2,3,0
10188,1,3,0
10189,4,0,0
10190,1,2,0
10191,2,4,0
10192,4,2,0
10193,1,3,0
10194,2,3,0
10195,0,3,0
10196,0,2,0
10197,0,1,0
10198,3,3,0
10199,0,4,0
10200,3,4,0
10201,3,3,0
10202,3,2,0
10203,0,0,0
10204,1,0,0
10205,4,3,0
10206,1,3,0
10207,3,1,0
10208,4,3,0
10209,0,4,0
10210,0,2,0
10211,1,3,0
10212,2,1,0
10213,0,0,0
10214,2,4,0
10215,4,1,0
10216,3,3,0
10217,1,3,0
10218,4,2,0
10219,3,4,0
10220,0,2,0
10221,2,0,0
10222,4,4,0
10223,2,2,0
10224,4,3,0
10225,3,0,0
10226,3,2,0
10227,2,3,0
10228,1,1,0
10229,1,0,0
10230,2,2,0
10231,3,4,0
10232,2,1,0
10233,0,3,0
10234,1,4,0
10235,3,4,0
10236,4,0,0
10237,3,3,0
10238,0,4,0
10239,4,4,0
10240,4,3,0
10241,1,4,0
10242,2,1,0
10243,0,3,0
10244,0,1,0
10245,3,1,0
10246,3,0,0
10247,2,3,0
10248,3,3,0
10249,0,3,0
10250,0,4,0
10251,1,1,0
10252,0,4,0
10253,1,2,0
10254,1,1,0
10255,4,4,0
10256,3,2,0
10257,3,0,0
10258,1,2,0
10259,2,1,0
10260,1,0,0
10261,1,4,0
10262,3,0,0
10263,2,0,0
10264,0,0,0
10265,1,4,0
10266,2,3,0
10267,4,3,0
10268,3,1,0
10269,1,1,0
10270,0,3,0
10271,4,0,0
10272,4,0,0
10273,1,4,0
10274,1,3,0
10275,0,1,0
10276,1,0,0
10277,0,3,0
10278,0,0,0
10279,1,1,0
10280,3,4,0
10281,2,4,0
10282,1,4,0
10283,0,1,0
10284,1,2,0
10285,0,4,0
10286,3,1,0
10287,0,2,0
10288,2,3,0
10289,0,1,0
10290,4,2,0
10291,0,0,0
10292,1,1,0
10293,3,0,0
10294,3,2,0
10295,1,2,0
10296,1,2,0
10297,0,3,0
10298,1,2,0
10299,0,2,0
10300,3,2,0
10301,2,4,0
10302,3,3,0
10303,4,1,0
10304,2,1,0
10305,3,4,0
10306,4,4,0
10307,4,1,0
10308,0,1,0
10309,2,4,0
10310,1,3,0
10311,2,3,0
10312,3,0,0
10313,0,3,0
10314,0,4,0
10315,4,3,0
10316,1,0,0
10317,3,3,0
10318,3,1,0
10319,2,2,0
10320,4,3,0
10321,3,0,0
10322,4,3,0
10323,4,4,0
10324,0,1,0
10325,3,0,0
10326,1,4,0
10327,3,3,0
10328,1,3,0
10329,1,0,0
10330,2,4,0
10331,3,2,0
10332,0,1,0
10333,3,2,0
10334,4,1,0
10335,3,0,0
10336,3,4,0
10337,3,4,0
10338,0,2,0
10339,1,0,0
10340,2,2,0
10341,2,4,0
10342,4,4,0
10343,2,3,0
10344,2,3,0
10345,4,1,0
10346,1,3,0
10347,0,3,0
10348,0,4,0
10349,1,2,0
10350,0,0,0
10351,1,1,0
10352,0,4,0
10353,2,0,0
10354,3,0,0
10355,1,1,0
10356,0,3,0
10357,1,4,0
10358,3,3,0
10359,0,1,0
10360,2,1,0
10361,3,2,0
10362,4,2,0
10363,3,1,0
10364,1,3,0
10365,4,0,0
10366,3,2,0
10367,0,2,0
10368,4,3,0
10369,0,1,0
10370,0,4,0
10371,0,0,0
10372,1,1,0
10373,2,3,0
10374,4,1,0
10375,3,3,0
10376,3,4,0
10377,3,3,0
10378,4,2,0
10379,0,3,0
10380,2,3,0
10381,0,1,0
10382,2,4,0
10383,4,1,0
10384,2,0,0
10385,0,2,0
10386,4,4,0
10387,1,2,0
10388,2,3,0
10389,2,3,0
10390,4,2,0
10391,2,2,0
10392,3,4,0
10393,3,4,0
10394,1,3,0
10395,4,0,0
10396,4,1,0
10397,1,2,0
10398,3,0,0
10399,3,3,0
10400,4,3,0
10401,4,0,0
10402,4,4,0
10403,3,0,0
10404,2,0,0
10405,0,2,0
10406,2,1,0
10407,3,4,0
10408,4,0,0
10409,3,0,0
10410,1,2,0
10411,0,3,0
10412,3,4,0
10413,2,1,0
10414,2,2,0
10415,3,3,0
10416,1,1,0
10417,1,1,0
10418,0,1,0
10419,3,4,0
10420,3,0,0
10421,4,1,0
10422,1,1,0
10423,1,0,0
10424,2,3,0
10425,1,2,0
10426,3,4,0
10427,1,4,0
10428,2,4,0
10429,4,0,0
10430,3,2,0
10431,1,3,0
10432,0,4,0
10433,3,4,0
10434,2,1,0
10435,4,0,0
10436,3,4,0
10437,3,1,0
10438,1,0,0
10439,3,4,0
10440,3,0,0
10441,2,4,0
10442,0,0,0
10443,3,0,0
10444,0,0,0
10445,0,0,0
10446,1,4,0
10447,4,3,0
10448,3,4,0
10449,3,3,0
10450,4,4,0
10451,4,1,0
10452,2,4,0
10453,1,1,0
10454,0,2,0
10455,2,2,0
10456,1,4,0
10457,2,0,0
10458,2,0,0
10459,3,3,0
10460,4,3,0
10461,2,1,0
10462,3,2,0
10463,3,3,0
10464,1,0,0
10465,3,0,0
10466,4,0,0
10467,3,2,0
10468,1,2,0
10469,3,1,0
10470,4,1,0
10471,2,1,0
10472,4,3,0
10473,0,0,0
10474,0,1,0
10475,4,4,0
10476,3,1,0
10477,4,3,0
10478,2,4,0
10479,2,1,0
10480,3,1,0
10481,0,1,0
10482,3,4,0
10483,0,2,0
10484,0,1,0
10485,4,2,0
10486,4,3,0
10487,4,3,0
10488,1,2,0
10489,0,4,0
10490,2,4,0
10491,2,4,0
10492,3,3,0
10493,0,0,0
10494,4,1,0
10495,2,0,0
10496,4,2,0
10497,1,2,0
10498,1,1,0
10499,2,1,0
10500,4,0,0
10501,4,0,0
10502,0,0,0
10503,0,3,0
10504,4,1,0
10505,0,1,0
10506,3,0,0
10507,3,4,0
10508,1,1,0
10509,0,4,0
10510,1,2,0
10511,3,3,0
10512,1,3,0
10513,1,2,0
10514,1,4,0
10515,0,3,0
10516,4,3,0
10517,3,4,0
10518,1,4,0
10519,2,1,0
10520,0,2,0
10521,2,2,0
10522,1,3,0
10523,3,0,0
10524,3,1,0
10525,2,4,0
10526,2,0,0
10527,3,0,0
10528,3,3,0
10529,2,2,0
10530,1,0,0
10531,4,4,0
10532,2,3,0
10533,1,0,0
10534,0,3,0
10535,1,1,0
10536,3,0,0
10537,1,2,0
10538,4,2,0
10539,0,4,0
10540,0,4,0
10541,2,1,0
10542,4,4,0
10543,0,0,0
10544,3,1,0
10545,3,4,0
10546,0,0,0
10547,2,0,0
10548,3,3,0
10549,3,1,0
10550,2,3,0
10551,0,2,0
10552,3,4,0
10553,3,3,0
10554,0,4,0
10555,2,0,0
10556,3,1,0
10557,1,0,0
10558,1,3,0
10559,4,1,0
10560,2,3,0
10561,4,2,0
10562,3,2,0
10563,4,1,0
10564,1,1,0
10565,1,0,0
10566,1,4,0
10567,4,0,0
10568,4,0,0
10569,4,2,0
10570,2,2,0
10571,1,4,0
10572,3,0,0
10573,0,4,0
10574,3,2,0
10575,0,0,0
10576,1,3,0
10577,1,2,0
10578,1,1,0
10579,2,0,0
10580,1,1,0
10581,1,0,0
10582,1,3,0
10583,4,1,0
10584,4,0,0
10585,1,1,0
10586,2,2,0
10587,0,2,0
10588,2,3,0
10589,1,3,0
10590,0,4,0
10591,0,0,0
10592,4,0,0
10593,3,4,0
10594,2,3,0
10595,4,0,0
10596,0,4,0
10597,2,1,0
10598,1,1,0
10599,3,3,0
10600,3,3,0
10601,3,3,0
10602,3,1,0
10603,0,4,0
10604,3,4,0
10605,4,4,0
10606,3,0,0
10607,1,0,0
10608,3,0,0
10609,0,3,0
10610,1,2,0
10611,4,2,0
10612,4,2,0
10613,1,1,0
10614,3,3,0
10615,4,0,0
10616,3,4,0
10617,1,1,0
10618,1,3,0
10619,4,3,0
10620,1,1,0
10621,3,1,0
10622,2,0,0
10623,4,2,0
10624,3,2,0
10625,4,4,0
10626,2,2,0
10627,0,2,0
10628,1,3,0
10629,1,2,0
10630,2,0,0
10631,2,2,0
10632,4,3,0
10633,4,2,0
10634,4,3,0
10635,0,0,0
10636,0,0,0
10637,0,4,0
10638,2,1,0
10639,3,1,0
10640,0,3,0
10641,2,3,0
10642,2,4,0
10643,3,0,0
10644,2,3,0
10645,3,2,0
10646,0,1,0
10647,3,0,0
10648,1,2,0
10649,3,3,0
10650,2,1,0
10651,2,0,0
10652,2,1,0
10653,4,0,0
10654,1,2,0
10655,3,4,0
10656,1,0,0
10657,3,0,0
10658,0,2,0
10659,2,1,0
10660,0,2,0
10661,2,1,0
10662,2,3,0
10663,2,3,0
10664,1,3,0
10665,0,4,0
10666,1,1,0
10667,2,3,0
10668,0,3,0
10669,4,3,0
10670,3,3,0
10671,4,0,0
10672,2,0,0
10673,0,0,0
10674,0,0,0
10675,1,1,0
10676,1,4,0
10677,2,4,0
10678,1,4,0
10679,3,3,0
10680,3,3,0
10681,4,1,0
10682,4,1,0
10683,0,3,0
10684,0,1,0
10685,3,1,0
10686,1,1,0
10687,4,1,0
10688,1,2,0
10689,3,0,0
10690,3,0,0
10691,3,0,0
10692,4,3,0
10693,1,1,0
10694,0,4,0
10695,2,1,0
10696,2,3,0
10697,2,2,0
10698,2,2,0
10699,1,2,0
10700,3,0,0
10701,4,4,0
10702,0,0,0
10703,4,3,0
10704,3,2,0
10705,3,4,0
10706,4,1,0
10707,4,2,0
10708,3,2,0
10709,0,4,0
10710,0,1,0
10711,0,3,0
10712,3,1,0
10713,1,0,0
10714,3,4,0
10715,2,4,0
10716,3,0,0
10717,1,3,0
10718,3,0,0
10719,0,2,0
10720,2,3,0
10721,3,1,0
10722,4,3,0
10723,0,2,0
10724,1,4,0
10725,3,0,0
10726,2,2,0
10727,0,3,0
10728,0,0,0
10729,4,2,0
10730,3,1,0
10731,3,2,0
10732,0,4,0
10733,4,3,0
10734,3,4,0
10735,3,0,0
10736,1,3,0
10737,1,0,0
10738,1,2,0
10739,1,0,0
10740,1,4,0
10741,2,3,0
10742,1,4,0
10743,3,3,0
10744,2,0,0
10745,2,0,0
10746,1,1,0
10747,3,4,0
10748,0,2,0
10749,1,0,0
10750,3,2,0
10751,3,4,0
10752,3,3,0
10753,0,2,0
10754,2,0,0
10755,1,0,0
10756,1,2,0
10757,0,2,0
10758,2,0,0
10759,0,3,0
10760,3,4,0
10761,2,0,0
10762,2,1,0
10763,1,3,0
10764,0,1,0
10765,4,1,0
10766,1,2,0
10767,0,1,0
10768,4,4,0
10769,3,2,0
10770,2,2,0
10771,2,1,0
10772,2,3,0
10773,0,0,0
10774,2,2,0
10775,1,4,0
10776,0,0,0
10777,2,4,0
10778,4,0,0
10779,0,2,0
10780,4,4,0
10781,3,0,0
10782,2,3,0
10783,1,1,0
10784,2,4,0
10785,3,3,0
10786,3,4,0
10787,0,3,0
10788,1,2,0
10789,0,1,0
10790,4,4,0
10791,3,1,0
10792,0,2,0
10793,4,4,0
10794,2,3,0
10795,2,4,0
10796,2,1,0
10797,3,2,0
10798,3,4,0
10799,4,0,0
10800,1,0,0
10801,4,4,0
10802,0,4,0
10803,0,0,0
10804,4,1,0
10805,2,1,0
10806,3,1,0
10807,2,0,0
10808,1,4,0
10809,4,1,0
10810,1,4,0
10811,2,3,0
10812,4,4,0
10813,0,1,0
10814,0,0,0
10815,0,2,0
10816,2,4,0
10817,0,2,0
10818,1,4,0
10819,3,4,0
10820,3,0,0
10821,4,0,0
10822,1,4,0
10823,1,3,0
10824,2,1,0
10825,4,0,0
10826,1,0,0
10827,0,0,0
10828,3,4,0
10829,2,2,0
10830,0,3,0
10831,1,2,0
10832,4,3,0
10833,0,2,0
10834,0,1,0
10835,1,1,0
10836,4,1,0
10837,3,3,0
10838,4,0,0
10839,3,0,0
10840,1,3,0
10841,2,0,0
10842,0,2,0
10843,1,1,0
10844,3,4,0
10845,1,4,0
10846,1,2,0
10847,4,3,0
10848,2,2,0
10849,3,2,0
10850,3,2,0
10851,3,1,0
10852,1,4,0
10853,0,3,0
10854,1,3,0
10855,1,4,0
10856,0,0,0
10857,3,1,0
10858,0,4,0
10859,0,4,0
10860,2,4,0
10861,0,4,0
10862,3,2,0
10863,4,1,0
10864,2,1,0
10865,0,4,0
10866,2,1,0
10867,0,2,0
10868,4,2,0
10869,0,2,0
10870,2,0,0
10871,0,2,0
10872,1,2,0
10873,4,2,0
10874,4,2,0
10875,2,4,0
10876,2,1,0
10877,4,3,0
10878,1,4,0
10879,3,1,0
10880,0,2,0
10881,1,3,0
10882,3,3,0
10883,1,0,0
10884,0,1,0
10885,0,4,0
10886,2,3,0
10887,2,2,0
10888,1,1,0
10889,2,3,0
10890,3,1,0
10891,4,3,0
10892,2,3,0
10893,3,4,0
10894,0,0,0
10895,2,1,0
10896,2,0,0
10897,4,2,0
10898,3,4,0
10899,2,4,0
10900,1,3,0
10901,4,1,0
10902,1,2,0
10903,3,4,0
10904,3,2,0
10905,1,3,0
10906,1,3,0
10907,4,1,0
10908,1,1,0
10909,2,1,0
10910,0,2,0
10911,4,3,0
10912,3,1,0
10913,4,0,0
10914,1,3,0
10915,2,2,0
10916,4,2,0
10917,3,4,0
10918,4,1,0
10919,1,0,0
10920,1,3,0
10921,0,1,0
10922,3,4,0
10923,0,1,0
10924,0,1,0
10925,0,2,0
10926,1,2,0
10927,4,2,0
10928,2,1,0
10929,3,3,0
10930,2,4,0
10931,3,3,0
10932,2,1,0
10933,4,1,0
10934,1,3,0
10935,3,4,0
10936,0,3,0
10937,2,1,0
10938,0,0,0
10939,0,4,0
10940,0,4,0
10941,3,2,0
10942,1,4,0
10943,0,3,0
10944,4,4,0
10945,3,3,0
10946,2,3,0
10947,3,0,0
10948,1,4,0
10949,2,3,0
10950,3,3,0
10951,3,3,0
10952,1,4,0
10953,1,2,0
10954,0,4,0
10955,1,0,0
10956,2,4,0
10957,0,3,0
10958,1,4,0
10959,4,3,0
10960,1,2,0
10961,1,0,0
10962,3,4,0
10963,2,2,0
10964,3,2,0
10965,3,0,0
10966,1,0,0
10967,2,1,0
10968,4,1,0
10969,0,2,0
10970,1,0,0
10971,4,3,0
10972,4,1,0
10973,0,4,0
10974,0,4,0
10975,0,4,0
10976,0,4,0
10977,1,3,0
10978,1,2,0
10979,0,4,0
10980,2,1,0
10981,1,0,0
10982,2,4,0
10983,3,0,0
10984,1,3,0
10985,3,0,0
10986,1,1,0
10987,3,1,0
10988,0,4,0
10989,4,1,0
10990,0,3,0
10991,4,3,0
10992,2,2,0
10993,1,4,0
10994,3,0,0
10995,3,1,0
10996,2,1,0
10997,0,1,0
10998,2,1,0
10999,2,0,0
11000,3,3,0
11001,0,3,0
11002,0,2,0
11003,1,2,0
11004,3,3,0
11005,2,0,0
11006,0,0,0
11007,3,4,0
11008,4,2,0
11009,1,0,0
11010,1,2,0
11011,0,3,0
11012,0,3,0
11013,4,3,0
11014,0,3,0
11015,4,0,0
11016,0,4,0
11017,0,3,0
11018,2,2,0
11019,4,0,0
11020,4,3,0
11021,0,2,0
11022,3,3,0
11023,1,4,0
11024,3,4,0
11025,4,2,0
11026,2,1,0
11027,3,2,0
11028,4,1,0
11029,4,4,0
11030,4,0,0
11031,2,4,0
11032,4,1,0
11033,4,0,0
11034,0,0,0
11035,1,1,0
11036,1,3,0
11037,2,4,0
11038,0,4,0
11039,1,3,0
11040,1,0,0
11041,2,4,0
11042,3,2,0
11043,0,0,0
11044,2,0,0
11045,1,0,0
11046,3,4,0
11047,4,4,0
11048,4,3,0
11049,3,1,0
11050,0,3,0
11051,4,1,0
11052,3,0,0
11053,2,0,0
11054,1,1,0
11055,2,3,0
11056,0,0,0
11057,4,4,0
11058,1,2,0
11059,3,4,0
11060,0,4,0
11061,2,4,0
11062,2,4,0
11063,4,0,0
11064,3,2,0
11065,2,1,0
11066,2,4,0
11067,1,2,0
11068,2,3,0
11069,0,3,0
11070,4,1,0
11071,3,1,0
11072,1,4,0
11073,2,4,0
11074,3,0,0
11075,3,2,0
11076,4,1,0
11077,3,3,0
11078,1,1,0
11079,1,4,0
11080,4,3,0
11081,0,1,0
11082,2,2,0
11083,3,2,0
11084,0,3,0
11085,0,0,0
11086,4,0,0
11087,0,1,0
11088,4,0,0
11089,1,3,0
11090,4,0,0
11091,4,0,0
11092,4,1,0
11093,2,2,0
11094,2,3,0
11095,0,4,0
11096,0,4,0
11097,4,0,0
11098,3,4,0
11099,3,1,0
11100,0,0,0
11101,0,1,0
11102,1,3,0
11103,2,3,0
11104,1,2,0
11105,3,0,0
11106,3,2,0
11107,1,3,0
11108,4,1,0
11109,1,1,0
11110,4,0,0
11111,4,4,0
11112,1,1,0
11113,2,1,0
11114,1,2,0
11115,4,2,0
11116,1,3,0
11117,4,0,0
11118,2,4,0
11119,3,2,0
11120,0,3,0
11121,2,1,0
11122,4,3,0
11123,2,2,0
11124,2,0,0
11125,0,0,0
11126,1,0,0
11127,2,0,0
11128,2,2,0
11129,0,0,0
11130,1,0,0
11131,3,4,0
11132,2,3,0
11133,2,1,0
11134,3,0,0
11135,3,3,0
11136,3,0,0
11137,0,0,0
11138,1,1,0
11139,0,1,0
11140,1,2,0
11141,1,1,0
11142,3,4,0
11143,4,4,0
11144,4,2,0
11145,3,0,0
11146,4,2,0
11147,4,3,0
11148,1,2,0
11149,4,4,0
11150,0,1,0
11151,1,0,0
11152,4,3,0
11153,4,4,0
11154,3,3,0
11155,4,2,0
11156,2,3,0
11157,2,4,0
11158,0,0,0
11159,2,1,0
11160,4,2,0
11161,0,4,0
11162,2,3,0
11163,3,4,0
11164,0,4,0
11165,4,2,0
11166,2,2,0
11167,0,0,0
11168,3,3,0
11169,4,1,0
11170,1,2,0
11171,0,1,0
11172,4,1,0
11173,0,2,0
11174,4,2,0
11175,4,3,0
11176,1,0,0
11177,4,3,0
11178,1,1,0
11179,2,4,0
11180,4,0,0
11181,4,2,0
11182,0,1,0
11183,0,0,0
11184,3,1,0
11185,3,1,0
11186,4,4,0
11187,0,1,0
11188,2,3,0
11189,1,2,0
11190,0,1,0
11191,2,1,0
11192,0,2,0
11193,4,2,0
11194,0,4,0
11195,0,4,0
11196,2,1,0
11197,1,4,0
11198,3,3,0
11199,2,2,0
11200,3,1,0
11201,1,4,0
11202,4,0,0
11203,2,1,0
11204,0,2,0
11205,1,0,0
11206,1,2,0
11207,1,1,0
11208,2,0,0
11209,4,2,0
11210,2,0,0
11211,2,1,0
11212,4,4,0
11213,3,1,0
11214,0,4,0
11215,4,2,0
11216,1,1,0
11217,4,4,0
11218,2,1,0
11219,0,0,0
11220,3,4,0
11221,3,1,0
11222,2,4,0
11223,1,1,0
11224,4,2,0
11225,1,4,0
11226,1,0,0
11227,1,4,0
11228,1,0,0
11229,2,2,0
11230,1,1,0
11231,4,1,0
11232,4,2,0
11233,4,0,0
11234,4,3,0
11235,2,3,0
11236,2,4,0
11237,0,1,0
11238,4,3,0
11239,2,1,0
11240,0,4,0
11241,4,2,0
11242,3,2,0
11243,3,2,0
11244,1,0,0
11245,1,0,0
11246,0,1,0
11247,4,1,0
11248,2,1,0
11249,0,2,0
11250,2,1,0
11251,3,3,0
11252,2,3,0
11253,4,4,0
11254,0,0,0
11255,3,4,0
11256,0,4,0
11257,0,3,0
11258,3,4,0
11259,4,1,0
11260,4,1,0
11261,3,3,0
11262,3,3,0
11263,4,4,0
11264,3,2,0
11265,3,3,0
11266,3,4,0
11267,3,1,0
11268,1,3,0
11269,4,3,0
11270,1,1,0
11271,4,3,0
11272,4,1,0
11273,3,0,0
11274,1,4,0
11275,3,3,0
11276,1,2,0
11277,4,3,0
11278,2,4,0
11279,2,1,0
11280,3,2,0
11281,1,3,0
11282,1,0,0
11283,2,2,0
11284,0,1,0
11285,3,3,0
11286,0,2,0
11287,0,4,0
11288,1,1,0
11289,0,3,0
11290,2,4,0
11291,3,2,0
11292,1,0,0
11293,2,0,0
11294,4,2,0
11295,2,1,0
11296,0,2,0
11297,1,0,0
11298,4,1,0
11299,0,3,0
11300,2,0,0
11301,3,4,0
11302,3,2,0
11303,0,0,0
11304,0,0,0
11305,4,1,0
11306,2,1,0
11307,4,4,0
11308,4,3,0
11309,4,3,0
11310,2,4,0
11311,0,0,0
11312,2,0,0
11313,2,1,0
11314,2,2,0
11315,2,2,0
11316,2,1,0
11317,3,2,0
11318,4,4,0
11319,0,1,0
11320,3,4,0
11321,3,4,0
11322,1,1,0
11323,0,2,0
11324,4,2,0
11325,0,3,0
11326,0,1,0
11327,2,4,0
11328,2,0,0
11329,1,0,0
11330,3,3,0
11331,1,0,0
11332,1,2,0
11333,3,1,0
11334,3,3,0
11335,1,1,0
11336,3,4,0
11337,2,3,0
11338,0,4,0
11339,3,4,0
11340,4,2,0
11341,4,4,0
11342,4,1,0
11343,3,4,0
11344,3,2,0
11345,2,1,0
11346,4,0,0
11347,2,3,0
11348,3,0,0
11349,1,2,0
11350,2,0,0
11351,3,3,0
11352,1,3,0
11353,1,4,0
11354,0,1,0
11355,0,3,0
11356,0,4,0
11357,4,2,0
11358,0,1,0
11359,2,0,0
11360,4,0,0
11361,2,1,0
11362,3,4,0
11363,3,2,0
11364,4,0,0
11365,3,0,0
11366,3,2,0
11367,0,1,0
11368,3,0,0
11369,2,0,0
11370,0,4,0
11371,4,0,0
11372,2,0,0
11373,1,1,0
11374,3,2,0
11375,0,3,0
11376,0,4,0
11377,4,0,0
11378,0,4,0
11379,3,1,0
11380,2,0,0
11381,3,2,0
11382,4,0,0
11383,3,3,0
11384,1,4,0
11385,2,3,0
11386,1,0,0
11387,3,4,0
11388,0,0,0
11389,1,3,0
11390,2,0,0
11391,3,4,0
11392,3,3,0
11393,1,2,0
11394,3,1,0
11395,2,2,0
11396,3,2,0
11397,3,0,0
11398,4,4,0
11399,1,3,0
11400,4,4,0
11401,3,3,0
11402,1,1,0
11403,4,0,0
11404,4,0,0
11405,0,3,0
11406,4,3,0
11407,0,1,0
11408,2,3,0
11409,4,1,0
11410,3,3,0
11411,2,0,0
11412,0,2,0
11413,4,2,0
11414,2,3,0
11415,4,3,0
11416,1,2,0
11417,4,0,0
11418,2,3,0
11419,1,3,0
11420,0,3,0
11421,1,4,0
11422,2,0,0
11423,1,4,0
11424,2,4,0
11425,2,0,0
11426,4,1,0
11427,1,2,0
11428,0,0,0
11429,1,3,0
11430,0,4,0
11431,0,2,0
11432,2,3,0
11433,4,1,0
11434,4,4,0
11435,2,4,0
11436,4,2,0
11437,0,0,0
11438,3,3,0
11439,1,3,0
11440,3,0,0
11441,0,1,0
11442,3,2,0
11443,1,1,0
11444,1,0,0
11445,4,2,0
11446,0,0,0
11447,3,1,0
11448,3,1,0
11449,4,1,0
11450,4,2,0
11451,1,3,0
11452,1,3,0
11453,4,4,0
11454,4,1,0
11455,1,3,0
11456,4,1,0
11457,4,1,0
11458,4,2,0
11459,2,0,0
11460,4,0,0
11461,0,4,0
11462,2,1,0
11463,1,2,0
11464,4,3,0
11465,4,3,0
11466,0,1,0
11467,2,4,0
11468,4,3,0
11469,0,4,0
11470,2,4,0
11471,2,0,0
11472,2,0,0
11473,3,1,0
11474,1,1,0
11475,0,3,0
11476,3,0,0
11477,4,3,0
11478,4,2,0
11479,0,2,0
11480,3,2,0
11481,2,2,0
11482,4,1,0
11483,4,0,0
11484,0,4,0
11485,4,2,0
11486,0,4,0
11487,2,1,0
11488,1,1,0
11489,3,0,0
11490,1,4,0
11491,0,1,0
11492,0,1,0
11493,3,4,0
11494,4,1,0
11495,4,0,0
11496,0,3,0
11497,3,2,0
11498,2,3,0
11499,2,1,0
11500,4,4,0
11501,4,2,0
11502,1,1,0
11503,2,4,0
11504,4,0,0
11505,1,4,0
11506,0,3,0
11507,2,1,0
11508,0,4,0
11509,1,3,0
11510,2,0,0
11511,4,4,0
11512,4,2,0
11513,1,1,0
11514,3,4,0
11515,0,2,0
11516,3,0,0
11517,1,2,0
11518,1,4,0
11519,1,2,0
11520,4,3,0
11521,1,2,0
11522,4,2,0
11523,3,1,0
11524,0,1,0
11525,3,1,0
11526,3,3,0
11527,3,4,0
11528,4,1,0
11529,3,4,0
11530,1,2,0
11531,4,0,0
11532,0,3,0
11533,1,3,0
11534,4,0,0
11535,4,2,0
11536,1,4,0
11537,1,2,0
11538,3,3,0
11539,0,3,0
11540,0,4,0
11541,4,2,0
11542,3,0,0
11543,4,0,0
11544,1,1,0
11545,1,0,0
11546,4,1,0
11547,3,4,0
11548,3,2,0
11549,2,1,0
11550,3,2,0
11551,0,2,0
11552,1,1,0
11553,3,0,0
11554,0,0,0
11555,1,4,0
11556,1,4,0
11557,0,0,0
11558,0,3,0
11559,2,4,0
11560,2,0,0
11561,0,2,0
11562,4,4,0
11563,4,0,0
11564,4,4,0
11565,0,3,0
11566,0,2,0
11567,0,3,0
11568,3,4,0
11569,4,2,0
11570,1,2,0
11571,3,0,0
11572,4,0,0
11573,2,4,0
11574,0,2,0
11575,4,2,0
11576,4,1,0
11577,3,4,0
11578,0,1,0
11579,4,4,0
11580,0,1,0
11581,3,3,0
11582,2,4,0
11583,0,0,0
11584,3,3,0
11585,2,4,0
11586,1,1,0
11587,0,4,0
11588,1,1,0
11589,2,2,0
11590,1,4,0
11591,3,0,0
11592,2,0,0
11593,4,0,0
11594,1,0,0
11595,2,4,0
11596,3,1,0
11597,4,0,0
11598,4,4,0
11599,1,3,0
11600,2,1,0
11601,4,4,0
11602,0,4,0
11603,0,4,0
11604,3,2,0
11605,1,2,0
11606,3,4,0
11607,0,3,0
11608,1,0,0
11609,4,1,0
11610,4,0,0
11611,0,4,0
11612,4,0,0
11613,1,2,0
11614,4,2,0
11615,1,3,0
11616,1,1,0
11617,2,1,0
11618,0,2,0
11619,1,4,0
11620,0,3,0
11621,0,1,0
11622,4,4,0
11623,2,3,0
11624,3,3,0
11625,0,0,0
11626,1,2,0
11627,0,3,0
11628,2,0,0
11629,1,0,0
11630,4,2,0
11631,4,3,0
11632,3,4,0
11633,2,1,0
11634,4,0,0
11635,3,3,0
11636,4,2,0
11637,0,1,0
11638,4,1,0
11639,3,2,0
11640,1,3,0
11641,2,4,0
11642,0,1,0
11643,3,3,0
11644,1,1,0
11645,4,2,0
11646,3,2,0
11647,2,3,0
11648,3,1,0
11649,3,3,0
11650,2,0,0
11651,3,3,0
11652,2,4,0
11653,3,4,0
11654,4,4,0
11655,2,1,0
11656,1,1,0
11657,2,4,0
11658,0,4,0
11659,4,4,0
11660,3,1,0
11661,4,4,0
11662,3,3,0
11663,4,3,0
11664,2,0,0
11665,0,0,0
11666,1,4,0
11667,1,3,0
11668,4,0,0
11669,0,3,0
11670,2,2,0
11671,4,0,0
11672,2,4,0
11673,2,4,0
11674,2,0,0
11675,2,1,0
11676,1,3,0
11677,0,2,0
11678,0,4,0
11679,1,2,0
11680,4,4,0
11681,1,1,0
11682,4,0,0
11683,4,1,0
11684,4,0,0
11685,1,4,0
11686,3,3,0
11687,2,4,0
11688,4,4,0
11689,1,4,0
11690,4,1,0
11691,1,3,0
11692,4,2,0
11693,2,0,0
11694,0,3,0
11695,2,4,0
11696,3,2,0
11697,0,0,0
11698,2,2,0
11699,1,2,0
11700,1,0,0
11701,3,3,0
11702,1,2,0
11703,0,0,0
11704,0,3,0
11705,3,1,0
11706,2,2,0
11707,0,0,0
11708,2,3,0
11709,3,0,0
11710,4,3,0
11711,3,2,0
11712,0,2,0
11713,0,0,0
11714,4,4,0
11715,1,4,0
11716,0,4,0
11717,1,1,0
11718,0,1,0
11719,3,3,0
11720,3,2,0
11721,3,2,0
11722,1,3,0
11723,4,1,0
11724,3,3,0
11725,3,2,0
11726,0,4,0
11727,3,1,0
11728,3,0,0
11729,0,4,0
11730,3,3,0
11731,3,1,0
11732,2,1,0
11733,4,0,0
11734,0,1,0
11735,3,0,0
11736,4,3,0
11737,3,3,0
11738,3,0,0
11739,2,2,0
11740,3,3,0
11741,3,4,0
11742,1,4,0
11743,3,2,0
11744,4,1,0
11745,2,0,0
11746,3,4,0
11747,2,0,0
11748,0,1,0
11749,2,3,0
11750,0,4,0
11751,2,1,0
11752,0,3,0
11753,1,4,0
11754,4,1,0
11755,3,0,0
11756,4,2,0
11757,2,1,0
11758,2,3,0
11759,3,2,0
11760,1,3,0
11761,0,0,0
11762,4,2,0
11763,1,1,0
11764,4,2,0
11765,0,4,0
11766,1,0,0
11767,0,4,0
11768,0,0,0
11769,2,0,0
11770,1,2,0
11771,1,4,0
11772,2,0,0
11773,2,0,0
11774,4,3,0
11775,0,1,0
11776,4,4,0
11777,2,3,0
11778,4,0,0
11779,3,2,0
11780,3,0,0
11781,3,4,0
11782,0,0,0
11783,3,3,0
11784,3,2,0
11785,1,3,0
11786,4,1,0
11787,1,3,0
11788,2,4,0
11789,3,3,0
11790,2,2,0
11791,2,0,0
11792,2,0,0
11793,2,4,0
11794,4,3,0
11795,4,0,0
11796,1,1,0
11797,3,0,0
11798,2,2,0
11799,3,2,0
11800,1,4,0
11801,2,1,0
11802,4,0,0
11803,1,1,0
11804,4,1,0
11805,1,2,0
11806,2,2,0
11807,1,1,0
11808,0,4,0
11809,3,0,0
11810,1,4,0
11811,2,0,0
11812,3,2,0
11813,2,3,0
11814,3,2,0
11815,3,4,0
11816,3,0,0
11817,0,4,0
11818,4,1,0
11819,0,4,0
11820,1,4,0
11821,2,4,0
11822,3,2,0
11823,2,3,0
11824,0,1,0
11825,3,0,0
11826,3,3,0
11827,2,1,0
11828,3,2,0
11829,1,0,0
11830,1,1,0
11831,4,4,0
11832,0,3,0
11833,3,0,0
11834,4,0,0
11835,0,0,0
11836,3,1,0
11837,2,1,0
11838,3,3,0
11839,1,4,0
11840,0,0,0
11841,4,3,0
11842,0,0,0
11843,1,0,0
11844,0,0,0
11845,1,4,0
11846,3,2,0
11847,2,4,0
11848,1,4,0
11849,2,4,0
11850,3,1,0
11851,4,3,0
11852,0,1,0
11853,2,1,0
11854,0,2,0
11855,1,3,0
11856,4,2,0
11857,0,0,0
11858,3,4,0
11859,2,2,0
11860,0,4,0
11861,4,2,0
11862,0,4,0
11863,1,0,0
11864,4,4,0
11865,0,3,0
11866,4,1,0
11867,2,3,0
11868,3,2,0
11869,4,3,0
11870,4,4,0
11871,3,1,0
11872,4,0,0
11873,4,2,0
11874,1,4,0
11875,0,3,0
11876,2,3,0
11877,2,1,0
11878,2,1,0
11879,3,3,0
11880,2,0,0
11881,2,3,0
11882,4,1,0
11883,0,4,0
11884,0,1,0
11885,4,1,0
11886,4,3,0
11887,4,1,0
11888,2,1,0
11889,4,4,0
11890,2,0,0
11891,2,1,0
11892,3,3,0
11893,4,4,0
11894,0,1,0
11895,2,0,0
11896,4,3,0
11897,4,2,0
11898,3,3,0
11899,0,0,0
11900,0,0,0
11901,3,3,0
11902,3,1,0
11903,2,3,0
11904,2,3,0
11905,3,0,0
11906,3,2,0
11907,2,2,0
11908,1,1,0
11909,2,4,0
11910,2,3,0
11911,0,0,0
11912,3,1,0
11913,0,0,0
11914,2,3,0
11915,3,0,0
11916,0,3,0
11917,3,0,0
11918,0,0,0
11919,0,2,0
11920,0,2,0
11921,2,4,0
11922,2,1,0
11923,4,3,0
11924,4,4,0
11925,2,0,0
11926,3,1,0
11927,2,1,0
11928,4,1,0
11929,4,2,0
11930,0,4,0
11931,4,2,0
11932,2,1,0
11933,4,0,0
11934,1,3,0
11935,1,0,0
11936,2,1,0
11937,0,4,0
11938,2,0,0
11939,3,0,0
11940,4,2,0
11941,3,1,0
11942,3,1,0
11943,2,4,0
11944,3,1,0
11945,3,0,0
11946,2,0,0
11947,1,2,0
11948,3,4,0
11949,1,3,0
11950,4,2,0
11951,1,2,0
11952,2,1,0
11953,4,0,0
11954,4,2,0
11955,1,4,0
11956,4,4,0
11957,2,4,0
11958,4,1,0
11959,1,1,0
11960,3,3,0
11961,0,2,0
11962,0,4,0
11963,1,4,0
11964,4,3,0
11965,0,0,0
11966,3,0,0
11967,2,4,0
11968,0,2,0
11969,4,2,0
11970,2,2,0
11971,0,4,0
11972,2,2,0
11973,1,1,0
11974,3,2,0
11975,4,4,0
11976,0,0,0
11977,0,3,0
11978,2,4,0
11979,4,0,0
11980,4,1,0
11981,1,2,0
11982,2,3,0
11983,3,3,0
11984,2,0,0
11985,0,3,0
11986,0,4,0
11987,2,0,0
11988,2,2,0
11989,1,3,0
11990,3,1,0
11991,4,2,0
11992,4,4,0
11993,0,2,0
11994,2,4,0
11995,1,1,0
11996,1,3,0
11997,0,2,0
11998,1,2,0
11999,4,3,0
12000,2,1,0
12001,2,1,0
12002,1,4,0
12003,1,2,0
12004,3,3,0
12005,0,1,0
12006,3,4,0
12007,1,1,0
12008,3,1,0
12009,2,4,0
12010,3,4,0
12011,1,4,0
12012,3,4,0
12013,0,1,0
12014,0,1,0
12015,1,0,0
12016,3,1,0
12017,3,4,0
12018,0,1,0
12019,1,2,0
12020,0,4,0
12021,0,4,0
12022,3,0,0
12023,2,3,0
12024,3,1,0
12025,0,4,0
12026,0,2,0
12027,0,4,0
12028,2,1,0
12029,1,3,0
12030,3,3,0
12031,1,0,0
12032,2,4,0
12033,2,4,0
12034,0,2,0
12035,1,3,0
12036,2,4,0
12037,3,3,0
12038,4,1,0
12039,3,2,0
12040,1,1,0
12041,2,4,0
12042,0,1,0
12043,0,2,0
12044,2,4,0
12045,4,4,0
12046,3,0,0
12047,4,0,0
12048,1,2,0
12049,0,0,0
12050,3,0,0
12051,0,4,0
12052,4,0,0
12053,3,0,0
12054,3,4,0
12055,0,4,0
12056,3,2,0
12057,4,1,0
12058,0,2,0
12059,3,3,0
12060,1,3,0
12061,4,1,0
12062,0,1,0
12063,1,2,0
12064,1,0,0
12065,0,1,0
12066,0,3,0
12067,3,2,0
12068,2,3,0
12069,4,1,0
12070,0,0,0
12071,4,1,0
12072,4,1,0
12073,0,1,0
12074,0,2,0
12075,4,4,0
12076,3,1,0
12077,1,3,0
12078,1,3,0
12079,4,4,0
12080,2,2,0
12081,3,3,0
12082,3,1,0
12083,0,1,0
12084,3,3,0
12085,1,4,0
12086,3,0,0
12087,4,4,0
12088,0,3,0
12089,0,1,0
12090,4,3,0
12091,1,2,0
12092,1,3,0
12093,2,1,0
12094,1,4,0
12095,3,4,0
12096,2,3,0
12097,1,2,0
12098,0,2,0
12099,2,2,0
12100,3,2,0
12101,1,4,0
12102,4,4,0
12103,0,1,0
12104,0,1,0
12105,4,2,0
12106,4,3,0
12107,2,2,0
12108,0,2,0
12109,0,3,0
12110,3,1,0
12111,3,1,0
12112,4,3,0
12113,1,3,0
12114,2,4,0
12115,4,0,0
12116,3,4,0
12117,0,4,0
12118,4,1,0
12119,2,0,0
12120,0,2,0
12121,3,0,0
12122,1,4,0
12123,2,3,0
12124,2,1,0
12125,1,1,0
12126,3,3,0
12127,1,3,0
12128,2,2,0
12129,0,1,0
12130,4,1,0
12131,1,0,0
12132,1,3,0
12133,3,3,0
12134,4,2,0
12135,4,3,0
12136,2,2,0
12137,2,3,0
12138,2,0,0
12139,2,0,0
12140,3,1,0
12141,1,0,0
12142,1,1,0
12143,0,4,0
12144,2,4,0
12145,0,4,0
12146,3,1,0
12147,4,0,0
12148,4,2,0
12149,4,3,0
12150,0,0,0
12151,3,4,0
12152,4,0,0
12153,2,3,0
12154,3,0,0
12155,2,4,0
12156,3,4,0
12157,0,2,0
12158,2,0,0
12159,4,4,0
12160,1,0,0
12161,3,3,0
12162,3,1,0
12163,4,0,0
12164,4,4,0
12165,1,3,0
12166,4,0,0
12167,1,1,0
12168,4,3,0
12169,4,1,0
12170,2,0,0
12171,2,4,0
12172,4,3,0
12173,1,1,0
12174,2,3,0
12175,1,1,0
12176,3,1,0
12177,4,3,0
12178,3,4,0
12179,2,1,0
12180,3,0,0
12181,1,2,0
12182,1,3,0
12183,0,3,0
12184,1,3,0
12185,3,4,0
12186,1,2,0
12187,0,2,0
12188,3,3,0
12189,0,1,0
12190,0,1,0
12191,2,0,0
12192,3,0,0
12193,4,4,0
12194,0,2,0
12195,0,1,0
12196,4,1,0
12197,2,2,0
12198,3,1,0
12199,1,1,0
12200,1,3,0
12201,2,0,0
12202,2,1,0
12203,1,0,0
12204,2,0,0
12205,0,1,0
12206,1,4,0
12207,3,2,0
12208,1,3,0
12209,3,4,0
12210,2,0,0
12211,4,1,0
12212,0,1,0
12213,2,2,0
12214,1,0,0
12215,4,4,0
12216,1,2,0
12217,2,3,0
12218,4,4,0
12219,4,0,0
12220,0,4,0
12221,0,1,0
12222,0,1,0
12223,1,3,0
12224,0,4,0
12225,4,3,0
12226,3,1,0
12227,3,0,0
12228,3,2,0
12229,4,4,0
12230,3,4,0
12231,2,4,0
12232,1,0,0
12233,3,0,0
12234,2,4,0
12235,0,0,0
12236,0,0,0
12237,3,0,0
12238,3,3,0
12239,1,3,0
12240,1,0,0
12241,0,1,0
12242,3,4,0
12243,3,4,0
12244,1,3,0
12245,3,1,0
12246,3,2,0
12247,4,0,0
12248,2,2,0
12249,2,3,0
12250,2,2,0
12251,0,0,0
12252,3,0,0
12253,4,4,0
12254,3,2,0
12255,4,4,0
12256,1,0,0
12257,4,2,0
12258,1,3,0
12259,2,2,0
12260,1,0,0
12261,2,1,0
12262,3,4,0
12263,1,2,0
12264,3,1,0
12265,3,0,0
12266,1,4,0
12267,2,1,0
12268,0,4,0
12269,2,1,0
12270,1,1,0
12271,0,3,0
12272,3,2,0
12273,1,0,0
12274,4,4,0
12275,0,4,0
12276,3,1,0
12277,2,4,0
12278,2,0,0
12279,0,2,0
12280,3,0,0
12281,2,3,0
12282,2,4,0
12283,1,4,0
12284,0,0,0
12285,0,4,0
12286,2,4,0
12287,0,1,0
12288,2,3,0
12289,2,1,0
12290,4,0,0
12291,1,3,0
12292,0,1,0
12293,2,0,0
12294,0,3,0
12295,1,4,0
12296,1,2,0
12297,0,4,0
12298,3,4,0
12299,4,2,0
12300,2,3,0
12301,4,3,0
12302,3,0,0
12303,2,0,0
12304,0,3,0
12305,3,4,0
12306,3,2,0
12307,2,1,0
12308,3,3,0
12309,3,4,0
12310,0,4,0
12311,0,1,0
12312,3,2,0
12313,4,4,0
12314,2,2,0
12315,4,0,0
12316,0,4,0
12317,4,3,0
12318,1,4,0
12319,1,3,0
12320,2,3,0
12321,1,0,0
12322,4,3,0
12323,0,4,0
12324,1,0,0
12325,0,0,0
12326,2,2,0
12327,0,2,0
12328,3,0,0
12329,1,4,0
12330,0,0,0
12331,1,4,0
12332,1,0,0
12333,4,3,0
12334,3,3,0
12335,0,0,0
12336,4,3,0
12337,2,1,0
12338,1,3,0
12339,4,3,0
12340,2,0,0
12341,3,3,0
12342,2,1,0
12343,4,3,0
12344,4,3,0
12345,0,2,0
12346,0,0,0
12347,3,1,0
12348,0,1,0
12349,2,2,0
12350,1,1,0
12351,0,4,0
12352,2,3,0
12353,4,2,0
12354,3,3,0
12355,0,3,0
12356,3,0,0
12357,4,1,0
12358,2,2,0
12359,3,4,0
12360,0,4,0
12361,4,4,0
12362,3,0,0
12363,4,3,0
12364,0,1,0
12365,4,1,0
12366,0,1,0
12367,2,2,0
12368,2,4,0
12369,2,0,0
12370,4,3,0
12371,2,2,0
12372,2,1,0
12373,2,3,0
12374,0,1,0
12375,4,3,0
12376,4,3,0
12377,0,0,0
12378,1,2,0
12379,3,1,0
12380,0,4,0
12381,4,1,0
12382,0,1,0
12383,4,2,0
12384,2,2,0
12385,4,1,0
12386,3,3,0
12387,3,0,0
12388,4,1,0
12389,3,3,0
12390,1,0,0
12391,2,4,0
12392,0,4,0
12393,1,0,0
12394,0,2,0
12395,2,3,0
12396,3,2,0
12397,0,2,0
12398,2,4,0
12399,3,4,0
12400,0,3,0
12401,1,0,0
12402,4,3,0
12403,0,0,0
12404,2,2,0
12405,0,3,0
12406,2,1,0
12407,2,4,0
12408,1,2,0
12409,1,1,0
12410,4,2,0
12411,0,0,0
12412,1,3,0
12413,4,1,0
12414,4,4,0
12415,2,0,0
12416,4,1,0
12417,3,3,0
12418,0,0,0
12419,2,2,0
12420,0,0,0
12421,2,1,0
12422,2,1,0
12423,0,2,0
12424,3,4,0
12425,3,3,0
12426,4,3,0
12427,3,0,0
12428,4,3,0
12429,2,3,0
12430,4,1,0
12431,1,3,0
12432,1,4,0
12433,1,2,0
12434,0,4,0
12435,3,0,0
12436,3,4,0
12437,4,0,0
12438,1,4,0
12439,0,2,0
12440,3,4,0
12441,0,4,0
12442,1,2,0
12443,3,4,0
12444,4,2,0
12445,4,3,0
12446,1,3,0
12447,2,1,0
12448,3,3,0
12449,0,1,0
12450,4,1,0
12451,3,0,0
12452,1,2,0
12453,1,1,0
12454,1,0,0
12455,1,0,0
12456,2,4,0
12457,3,2,0
12458,2,3,0
12459,3,0,0
12460,4,2,0
12461,2,2,0
12462,1,2,0
12463,2,4,0
12464,2,1,0
12465,4,1,0
12466,0,4,0
12467,1,2,0
12468,4,0,0
12469,0,2,0
12470,2,3,0
12471,4,0,0
12472,4,2,0
12473,3,1,0
12474,3,1,0
12475,2,1,0
12476,1,0,0
12477,3,3,0
12478,4,4,0
12479,2,4,0
12480,1,3,0
12481,0,1,0
12482,4,1,0
12483,0,2,0
12484,2,3,0
12485,1,4,0
12486,4,1,0
12487,3,2,0
12488,3,2,0
12489,4,0,0
12490,0,4,0
12491,1,2,0
12492,1,1,0
12493,3,4,0
12494,4,1,0
12495,1,0,0
12496,1,1,0
12497,4,3,0
12498,4,1,0
12499,0,4,0
12500,2,1,0
12501,0,0,0
12502,3,0,0
12503,1,1,0
12504,4,2,0
12505,2,0,0
12506,3,3,0
12507,1,3,0
12508,3,2,0
12509,3,0,0
12510,1,1,0
12511,3,0,0
12512,4,4,0
12513,0,1,0
12514,0,1,0
12515,1,1,0
12516,0,0,0
12517,1,4,0
12518,2,3,0
12519,1,3,0
12520,1,1,0
12521,4,1,0
12522,1,4,0
12523,4,2,0
12524,3,1,0
12525,2,2,0
12526,2,0,0
12527,0,4,0
12528,1,3,0
12529,2,3,0
12530,4,2,0
12531,3,0,0
12532,1,1,0
12533,4,0,0
12534,4,2,0
12535,1,1,0
12536,3,1,0
12537,4,2,0
12538,0,2,0
12539,4,4,0
12540,1,4,0
12541,1,2,0
12542,0,2,0
12543,4,4,0
12544,3,1,0
12545,2,3,0
12546,1,0,0
12547,1,1,0
12548,3,1,0
12549,2,4,0
12550,0,2,0
12551,2,3,0
12552,2,3,0
12553,4,1,0
12554,3,2,0
12555,1,1,0
12556,1,0,0
12557,2,2,0
12558,0,1,0
12559,0,3,0
12560,1,2,0
12561,1,2,0
12562,0,3,0
12563,2,3,0
12564,0,2,0
12565,1,3,0
12566,0,4,0
12567,2,0,0
12568,4,4,0
12569,3,4,0
12570,3,0,0
12571,1,1,0
12572,1,3,0
12573,4,4,0
12574,0,3,0
12575,4,3,0
12576,2,3,0
12577,2,4,0
12578,3,4,0
12579,4,4,0
12580,3,0,0
12581,2,0,0
12582,0,3,0
12583,0,4,0
12584,3,1,0
12585,0,3,0
12586,0,0,0
12587,2,4,0
12588,4,1,0
12589,3,4,0
12590,0,2,0
12591,1,4,0
12592,3,1,0
12593,3,0,0
12594,2,2,0
12595,0,4,0
12596,4,4,0
12597,0,3,0
12598,0,3,0
12599,3,4,0
12600,1,1,0
12601,1,1,0
12602,1,1,0
12603,2,2,0
12604,3,4,0
12605,3,4,0
12606,4,0,0
12607,4,2,0
12608,2,1,0
12609,3,3,0
12610,4,1,0
12611,4,1,0
12612,0,0,0
12613,4,3,0
12614,3,1,0
12615,3,2,0
12616,4,3,0
12617,2,2,0
12618,0,2,0
12619,3,0,0
12620,4,1,0
12621,0,3,0
12622,3,4,0
12623,3,3,0
12624,1,4,0
12625,2,0,0
12626,0,0,0
12627,2,3,0
12628,2,4,0
12629,2,3,0
12630,2,4,0
12631,1,4,0
12632,4,3,0
12633,3,1,0
12634,0,1,0
12635,0,4,0
12636,1,1,0
12637,4,0,0
12638,0,3,0
12639,1,3,0
12640,1,3,0
12641,4,2,0
12642,1,1,0
12643,4,2,0
12644,0,1,0
12645,4,1,0
12646,1,0,0
12647,1,2,0
12648,2,0,0
12649,2,3,0
12650,3,3,0
12651,4,3,0
12652,4,4,0
12653,2,2,0
12654,3,2,0
12655,3,4,0
12656,4,4,0
12657,3,1,0
12658,3,2,0
12659,2,1,0
12660,2,2,0
12661,3,1,0
12662,1,3,0
12663,2,1,0
12664,4,1,0
12665,1,2,0
12666,3,2,0
12667,2,2,0
12668,2,1,0
12669,2,4,0
12670,4,1,0
12671,1,1,0
12672,2,0,0
12673,0,0,0
12674,3,4,0
12675,2,3,0
12676,4,4,0
12677,4,2,0
12678,4,1,0
12679,3,0,0
12680,2,1,0
12681,0,1,0
12682,3,2,0
12683,2,3,0
12684,3,0,0
12685,1,1,0
12686,3,3,0
12687,0,1,0
12688,2,0,0
12689,0,0,0
12690,4,0,0
12691,2,0,0
12692,0,0,0
12693,3,3,0
12694,0,0,0
12695,2,4,0
12696,4,4,0
12697,0,4,0
12698,0,2,0
12699,2,0,0
12700,1,0,0
12701,1,0,0
12702,4,0,0
12703,4,2,0
12704,4,2,0
12705,3,1,0
12706,1,0,0
12707,3,3,0
12708,2,4,0
12709,3,0,0
12710,0,4,0
12711,2,2,0
12712,4,4,0
12713,0,2,0
12714,3,1,0
12715,0,2,0
12716,0,1,0
12717,2,3,0
12718,3,1,0
12719,1,1,0
12720,3,2,0
12721,3,2,0
12722,4,3,0
12723,1,1,0
12724,1,2,0
12725,2,3,0
12726,1,2,0
12727,0,0,0
12728,1,0,0
12729,3,0,0
12730,1,2,0
12731,4,3,0
12732,3,0,0
12733,2,4,0
12734,4,1,0
12735,2,0,0
12736,2,3,0
12737,0,3,0
12738,4,4,0
12739,1,1,0
12740,2,0,0
12741,1,0,0
12742,2,3,0
12743,1,4,0
12744,4,0,0
12745,3,1,0
12746,2,0,0
12747,4,4,0
12748,4,3,0
12749,0,1,0
12750,2,3,0
12751,1,2,0
12752,1,1,0
12753,0,3,0
12754,0,0,0
12755,4,3,0
12756,4,2,0
12757,3,2,0
12758,4,4,0
12759,3,0,0
12760,1,1,0
12761,3,0,0
12762,1,2,0
12763,2,3,0
12764,0,4,0
12765,0,0,0
12766,4,3,0
12767,3,4,0
12768,4,1,0
12769,0,2,0
12770,1,2,0
12771,0,2,0
12772,4,2,0
12773,0,4,0
12774,3,2,0
12775,1,4,0
12776,3,2,0
12777,3,1,0
12778,0,4,0
12779,1,4,0
12780,0,2,0
12781,1,2,0
12782,2,0,0
12783,1,1,0
12784,2,0,0
12785,1,0,0
12786,1,3,0
12787,2,1,0
12788,3,2,0
12789,4,3,0
12790,0,0,0
12791,3,1,0
12792,4,1,0
12793,2,0,0
12794,3,1,0
12795,0,1,0
12796,1,2,0
12797,4,0,0
12798,0,1,0
12799,1,3,0
12800,3,2,0
12801,3,1,0
12802,2,2,0
12803,2,2,0
12804,1,3,0
12805,0,3,0
12806,0,4,0
12807,0,4,0
12808,1,2,0
12809,4,0,0
12810,2,2,0
12811,0,3,0
12812,3,0,0
12813,3,4,0
12814,3,2,0
12815,2,0,0
12816,4,0,0
12817,4,2,0
12818,3,0,0
12819,1,3,0
12820,2,1,0
12821,3,0,0
12822,1,1,0
12823,1,2,0
12824,4,4,0
12825,2,3,0
12826,1,4,0
12827,1,4,0
12828,4,3,0
12829,2,4,0
12830,1,2,0
12831,0,4,0
12832,3,3,0
12833,0,1,0
12834,2,3,0
12835,0,1,0
12836,0,1,0
12837,0,2,0
12838,3,4,0
12839,1,0,0
12840,0,4,0
12841,3,1,0
12842,4,3,0
12843,0,0,0
12844,0,3,0
12845,0,0,0
12846,3,2,0
12847,4,0,0
12848,3,4,0
12849,0,2,0
12850,3,1,0
12851,3,1,0
12852,0,2,0
12853,3,3,0
12854,0,4,0
12855,1,4,0
12856,3,3,0
12857,2,1,0
12858,2,0,0
12859,2,2,0
12860,3,4,0
12861,2,3,0
12862,4,4,0
12863,2,2,0
12864,0,4,0
12865,1,1,0
12866,0,0,0
12867,0,2,0
12868,1,1,0
12869,0,3,0
12870,0,1,0
12871,1,1,0
12872,1,0,0
12873,2,0,0
12874,4,2,0
12875,0,2,0
12876,3,3,0
12877,4,4,0
12878,4,3,0
12879,0,1,0
12880,3,1,0
12881,1,2,0
12882,1,1,0
12883,2,1,0
12884,1,1,0
12885,2,2,0
12886,2,2,0
12887,2,3,0
12888,2,0,0
12889,3,3,0
12890,1,0,0
12891,3,4,0
12892,3,4,0
12893,4,3,0
12894,0,4,0
12895,0,3,0
12896,3,3,0
12897,0,3,0
12898,4,0,0
12899,4,3,0
12900,2,2,0
12901,3,1,0
12902,3,4,0
12903,3,3,0
12904,2,0,0
12905,4,3,0
12906,2,0,0
12907,0,1,0
12908,3,4,0
12909,2,0,0
12910,4,4,0
12911,2,1,0
12912,4,1,0
12913,2,1,0
12914,2,3,0
12915,4,0,0
12916,2,3,0
12917,2,3,0
12918,4,3,0
12919,1,3,0
12920,2,3,0
12921,4,1,0
12922,3,3,0
12923,0,2,0
12924,4,1,0
12925,1,2,0
12926,1,1,0
12927,2,1,0
12928,3,0,0
12929,4,3,0
12930,3,4,0
12931,2,3,0
12932,1,0,0
12933,3,1,0
12934,4,3,0
12935,0,3,0
12936,4,3,0
12937,2,2,0
12938,4,3,0
12939,0,3,0
12940,2,0,0
12941,1,2,0
12942,1,4,0
12943,2,0,0
12944,3,2,0
12945,2,2,0
12946,4,2,0
12947,0,3,0
12948,0,0,0
12949,1,2,0
12950,4,2,0
12951,1,0,0
12952,0,3,0
12953,3,0,0
12954,3,4,0
12955,4,3,0
12956,1,2,0
12957,1,1,0
12958,3,4,0
12959,0,1,0
12960,2,4,0
12961,1,1,0
12962,4,4,0
12963,2,0,0
12964,0,3,0
12965,2,3,0
12966,1,0,0
12967,4,1,0
12968,2,4,0
12969,0,1,0
12970,1,2,0
12971,1,3,0
12972,1,4,0
12973,0,3,0
12974,1,0,0
12975,2,0,0
12976,4,4,0
12977,0,0,0
12978,2,1,0
12979,4,1,0
12980,1,0,0
12981,0,4,0
12982,4,2,0
12983,2,2,0
12984,1,4,0
12985,1,0,0
12986,4,2,0
12987,3,2,0
12988,4,2,0
12989,4,1,0
12990,1,3,0
12991,4,3,0
12992,0,0,0
12993,4,4,0
12994,3,4,0
12995,1,2,0
12996,2,3,0
12997,1,1,0
12998,3,3,0
12999,2,4,0
13000,4,4,0
13001,4,2,0
13002,0,4,0
13003,4,3,0
13004,0,4,0
13005,4,2,0
13006,4,4,0
13007,3,2,0
13008,0,2,0
13009,2,3,0
13010,1,0,0
13011,3,0,0
13012,0,1,0
13013,4,1,0
13014,2,3,0
13015,3,4,0
13016,2,1,0
13017,2,3,0
13018,0,3,0
13019,3,2,0
13020,1,3,0
13021,1,0,0
13022,3,4,0
13023,1,4,0
13024,4,3,0
13025,1,3,0
13026,0,4,0
13027,1,2,0
13028,3,4,0
13029,2,1,0
13030,4,2,0
13031,1,1,0
13032,3,3,0
13033,3,4,0
13034,3,3,0
13035,4,4,0
13036,4,3,0
13037,0,0,0
13038,2,3,0
13039,2,3,0
13040,1,0,0
13041,0,1,0
13042,0,3,0
13043,4,1,0
13044,3,4,0
13045,0,0,0
13046,1,3,0
13047,0,3,0
13048,0,0,0
13049,2,1,0
13050,3,1,0
13051,3,2,0
13052,4,0,0
13053,1,2,0
13054,2,3,0
13055,3,2,0
13056,0,4,0
13057,4,2,0
13058,3,1,0
13059,1,2,0
13060,2,2,0
13061,0,1,0
13062,2,3,0
13063,1,0,0
13064,2,2,0
13065,1,0,0
13066,4,1,0
13067,0,3,0
13068,3,2,0
13069,1,2,0
13070,0,2,0
13071,4,4,0
13072,3,4,0
13073,4,4,0
13074,0,1,0
13075,2,1,0
13076,4,0,0
13077,4,0,0
13078,3,1,0
13079,0,1,0
13080,4,3,0
13081,3,2,0
13082,0,0,0
13083,0,0,0
13084,3,4,0
13085,1,2,0
13086,3,3,0
13087,2,2,0
13088,0,1,0
13089,3,1,0
13090,2,1,0
13091,4,0,0
13092,1,2,0
13093,4,3,0
13094,1,2,0
13095,0,0,0
13096,2,3,0
13097,2,1,0
13098,4,3,0
13099,1,1,0
13100,3,3,0
13101,2,3,0
13102,4,1,0
13103,0,2,0
13104,1,4,0
13105,3,0,0
13106,2,2,0
13107,4,4,0
13108,0,2,0
13109,0,3,0
13110,1,0,0
13111,3,2,0
13112,2,4,0
13113,0,3,0
13114,1,4,0
13115,1,3,0
13116,2,3,0
13117,0,1,0
13118,0,3,0
13119,2,4,0
13120,3,1,0
13121,3,0,0
13122,1,4,0
13123,2,1,0
13124,4,0,0
13125,1,4,0
13126,0,3,0
13127,2,1,0
13128,0,4,0
13129,1,0,0
13130,4,3,0
13131,2,2,0
13132,0,1,0
13133,3,0,0
13134,3,2,0
13135,1,3,0
13136,1,0,0
13137,0,2,0
13138,4,4,0
13139,2,3,0
13140,2,2,0
13141,4,0,0
13142,3,1,0
13143,3,4,0
13144,0,1,0
13145,4,2,0
13146,2,0,0
13147,3,3,0
13148,1,0,0
13149,3,3,0
13150,4,3,0
13151,4,4,0
13152,3,3,0
13153,1,0,0
13154,1,1,0
13155,2,1,0
13156,3,3,0
13157,1,3,0
13158,3,0,0
13159,3,4,0
13160,0,3,0
13161,3,3,0
13162,1,0,0
13163,0,1,0
13164,1,2,0
13165,3,2,0
13166,3,0,0
13167,1,3,0
13168,1,2,0
13169,4,3,0
13170,0,4,0
13171,3,0,0
13172,3,1,0
13173,2,2,0
13174,1,2,0
13175,0,0,0
13176,1,3,0
13177,3,2,0
13178,4,4,0
13179,1,4,0
13180,2,4,0
13181,3,0,0
13182,1,1,0
13183,3,2,0
13184,2,2,0
13185,2,1,0
13186,4,4,0
13187,1,0,0
13188,4,1,0
13189,3,2,0
13190,0,4,0
13191,0,4,0
13192,3,4,0
13193,3,3,0
13194,0,0,0
13195,4,0,0
13196,4,2,0
13197,2,4,0
13198,3,0,0
13199,4,3,0
13200,1,3,0
13201,3,1,0
13202,2,4,0
13203,2,3,0
13204,3,2,0
13205,4,2,0
13206,0,1,0
13207,4,2,0
13208,1,2,0
13209,0,1,0
13210,4,2,0
13211,2,1,0
13212,1,0,0
13213,0,0,0
13214,0,1,0
13215,4,3,0
13216,4,4,0
13217,2,3,0
13218,2,2,0
13219,3,0,0
13220,1,2,0
13221,1,4,0
13222,3,0,0
13223,2,3,0
13224,3,0,0
13225,0,4,0
13226,2,0,0
13227,1,1,0
13228,3,4,0
13229,2,2,0
13230,1,0,0
13231,1,1,0
13232,0,2,0
13233,1,3,0
13234,4,0,0
13235,1,2,0
13236,0,1,0
13237,4,3,0
13238,4,0,0
13239,1,1,0
13240,0,2,0
13241,4,4,0
13242,1,1,0
13243,0,2,0
13244,4,1,0
13245,1,2,0
13246,2,2,0
13247,1,0,0
13248,2,2,0
13249,0,2,0
13250,3,3,0
13251,2,1,0
13252,3,1,0
13253,4,4,0
13254,0,3,0
13255,4,4,0
13256,2,1,0
13257,0,2,0
13258,2,4,0
13259,2,1,0
13260,1,0,0
13261,1,2,0
13262,2,3,0
13263,1,4,0
13264,2,4,0
13265,0,4,0
13266,4,0,0
13267,4,0,0
13268,4,3,0
13269,1,3,0
13270,4,2,0
13271,0,2,0
13272,4,4,0
13273,1,3,0
13274,4,4,0
13275,2,1,0
13276,1,2,0
13277,3,4,0
13278,3,2,0
13279,2,3,0
13280,1,2,0
13281,0,3,0
13282,1,1,0
13283,1,1,0
13284,0,4,0
13285,1,0,0
13286,3,3,0
13287,3,2,0
13288,1,3,0
13289,0,4,0
13290,3,1,0
13291,1,1,0
13292,1,4,0
13293,4,2,0
13294,0,3,0
13295,0,3,0
13296,2,1,0
13297,3,0,0
13298,0,0,0
13299,0,0,0
13300,4,1,0
13301,2,4,0
13302,4,4,0
13303,3,2,0
13304,2,3,0
13305,1,0,0
13306,3,2,0
13307,2,1,0
13308,2,2,0
13309,3,4,0
13310,2,4,0
13311,0,0,0
13312,3,1,0
13313,1,4,0
13314,4,3,0
13315,2,0,0
13316,3,3,0
13317,1,1,0
13318,4,1,0
13319,4,0,0
13320,0,1,0
13321,0,4,0
13322,4,0,0
13323,3,3,0
13324,3,0,0
13325,0,2,0
13326,2,3,0
13327,1,3,0
13328,1,1,0
13329,4,4,0
13330,2,2,0
13331,2,2,0
13332,2,1,0
13333,1,3,0
13334,3,4,0
13335,3,1,0
13336,0,1,0
13337,0,1,0
13338,0,3,0
13339,0,4,0
13340,2,4,0
13341,2,2,0
13342,1,2,0
13343,0,4,0
13344,0,3,0
13345,3,0,0
13346,2,3,0
13347,4,3,0
13348,1,0,0
13349,4,4,0
13350,0,2,0
13351,2,0,0
13352,1,1,0
13353,3,0,0
13354,1,3,0
13355,1,2,0
13356,2,1,0
13357,0,0,0
13358,2,1,0
13359,0,4,0
13360,1,1,0
13361,0,1,0
13362,2,3,0
13363,1,3,0
13364,2,4,0
13365,0,3,0
13366,4,0,0
13367,4,2,0
13368,4,1,0
13369,1,2,0
13370,2,2,0
13371,2,4,0
13372,3,4,0
13373,3,1,0
13374,3,1,0
13375,0,3,0
13376,3,4,0
13377,4,3,0
13378,1,2,0
13379,4,2,0
13380,3,3,0
13381,0,4,0
13382,4,1,0
13383,2,1,0
13384,2,4,0
13385,3,0,0
13386,4,0,0
13387,4,1,0
13388,0,3,0
13389,3,1,0
13390,3,3,0
13391,4,4,0
13392,0,0,0
13393,2,0,0
13394,4,1,0
13395,2,4,0
13396,2,0,0
13397,2,0,0
13398,1,0,0
13399,1,1,0
13400,3,4,0
13401,4,2,0
13402,1,2,0
13403,3,1,0
13404,2,3,0
13405,3,2,0
13406,1,3,0
13407,0,1,0
13408,0,3,0
13409,0,3,0
13410,2,4,0
13411,0,0,0
13412,4,2,0
13413,4,1,0
13414,2,0,0
13415,3,4,0
13416,0,3,0
13417,3,4,0
13418,2,1,0
13419,4,1,0
13420,2,0,0
13421,1,2,0
13422,1,4,0
13423,3,2,0
13424,1,4,0
13425,4,2,0
13426,0,2,0
13427,0,3,0
13428,0,2,0
13429,3,2,0
13430,3,1,0
13431,2,0,0
13432,1,4,0
13433,0,3,0
13434,4,4,0
13435,4,4,0
13436,3,2,0
13437,3,2,0
13438,2,3,0
13439,4,2,0
13440,3,0,0
13441,4,2,0
13442,3,1,0
13443,2,4,0
13444,1,4,0
13445,1,3,0
13446,4,1,0
13447,4,4,0
13448,4,4,0
13449,4,0,0
13450,0,2,0
13451,0,0,0
13452,2,4,0
13453,4,0,0
13454,0,4,0
13455,2,2,0
13456,4,4,0
13457,3,2,0
13458,0,0,0
13459,1,4,0
13460,1,0,0
13461,3,0,0
13462,3,4,0
13463,2,3,0
13464,3,0,0
13465,0,0,0
13466,2,0,0
13467,0,1,0
13468,4,2,0
13469,2,4,0
13470,3,3,0
13471,2,4,0
13472,0,2,0
13473,3,3,0
13474,0,0,0
13475,0,1,0
13476,4,0,0
13477,1,2,0
13478,2,1,0
13479,0,3,0
13480,2,3,0
13481,0,3,0
13482,4,4,0
13483,0,0,0
13484,3,4,0
13485,0,2,0
13486,0,0,0
13487,2,0,0
13488,2,0,0
13489,1,3,0
13490,3,1,0
13491,1,1,0
13492,1,2,0
13493,1,3,0
13494,1,3,0
13495,2,1,0
13496,1,3,0
13497,0,3,0
13498,3,1,0
13499,4,2,0
13500,0,0,0
13501,2,4,0
13502,4,2,0
13503,0,1,0
13504,0,0,0
13505,2,2,0
13506,0,1,0
13507,4,2,0
13508,2,0,0
13509,1,0,0
13510,2,1,0
13511,2,0,0
13512,0,1,0
13513,4,4,0
13514,0,3,0
13515,4,0,0
13516,2,1,0
13517,3,1,0
13518,1,2,0
13519,0,2,0
13520,4,0,0
13521,1,1,0
13522,1,4,0
13523,4,0,0
13524,3,1,0
13525,1,1,0
13526,4,0,0
13527,0,2,0
13528,4,2,0
13529,0,3,0
13530,1,0,0
13531,3,1,0
13532,0,3,0
13533,0,2,0
13534,0,0,0
13535,1,4,0
13536,3,4,0
13537,1,1,0
13538,2,1,0
13539,1,3,0
13540,0,2,0
13541,2,4,0
13542,3,0,0
13543,3,3,0
13544,4,4,0
13545,3,1,0
13546,1,0,0
13547,3,3,0
13548,3,2,0
13549,2,1,0
13550,3,1,0
13551,4,3,0
13552,1,2,0
13553,1,2,0
13554,0,2,0
13555,3,3,0
13556,2,4,0
13557,0,4,0
13558,3,3,0
13559,2,4,0
13560,2,0,0
13561,2,1,0
13562,3,2,0
13563,2,0,0
13564,2,3,0
13565,2,4,0
13566,1,3,0
13567,0,0,0
13568,2,3,0
13569,4,1,0
13570,0,2,0
13571,3,0,0
13572,4,1,0
13573,0,3,0
13574,0,1,0
13575,0,1,0
13576,3,2,0
13577,3,2,0
13578,0,4,0
13579,2,1,0
13580,3,2,0
13581,4,3,0
13582,0,2,0
13583,0,3,0
13584,4,1,0
13585,2,4,0
13586,1,1,0
13587,3,0,0
13588,2,4,0
13589,0,4,0
13590,0,0,0
13591,3,2,0
13592,0,0,0
13593,2,4,0
13594,2,3,0
13595,2,1,0
13596,0,0,0
13597,0,2,0
13598,1,0,0
13599,0,1,0
13600,0,0,0
13601,3,0,0
13602,3,3,0
13603,3,4,0
13604,2,2,0
13605,4,3,0
13606,1,3,0
13607,1,0,0
13608,4,1,0
13609,2,0,0
13610,1,0,0
13611,3,0,0
13612,3,2,0
13613,0,0,0
13614,4,2,0
13615,1,1,0
13616,1,0,0
13617,4,1,0
13618,3,0,0
13619,3,4,0
13620,0,1,0
13621,2,4,0
13622,2,2,0
13623,0,3,0
13624,2,2,0
13625,2,1,0
13626,4,2,0
13627,1,2,0
13628,4,3,0
13629,1,2,0
13630,3,3,0
13631,3,0,0
13632,0,3,0
13633,1,4,0
13634,0,1,0
13635,3,4,0
13636,3,2,0
13637,4,4,0
13638,3,4,0
13639,1,1,0
13640,1,1,0
13641,1,1,0
13642,2,4,0
13643,3,0,0
13644,4,4,0
13645,1,1,0
13646,1,4,0
13647,0,4,0
13648,1,0,0
13649,4,0,0
13650,2,2,0
13651,3,3,0
13652,4,0,0
13653,2,3,0
13654,0,1,0
13655,1,0,0
13656,4,3,0
13657,0,4,0
13658,4,4,0
13659,1,2,0
13660,2,0,0
13661,3,0,0
13662,0,4,0
13663,3,4,0
13664,3,1,0
13665,0,3,0
13666,1,4,0
13667,2,2,0
13668,0,3,0
13669,1,0,0
13670,2,0,0
13671,3,4,0
13672,2,3,0
13673,0,2,0
13674,0,3,0
13675,0,4,0
13676,3,3,0
13677,0,1,0
13678,2,1,0
13679,2,2,0
13680,1,3,0
13681,4,1,0
13682,2,0,0
13683,1,1,0
13684,0,1,0
13685,0,0,0
13686,0,1,0
13687,2,2,0
13688,4,3,0
13689,3,1,0
13690,1,2,0
13691,2,3,0
13692,0,4,0
13693,0,0,0
13694,0,4,0
13695,4,4,0
13696,4,0,0
13697,3,3,0
13698,3,0,0
13699,0,0,0
13700,1,3,0
13701,4,1,0
13702,0,3,0
13703,2,3,0
13704,1,4,0
13705,3,0,0
13706,2,0,0
13707,1,3,0
13708,4,0,0
13709,4,3,0
13710,1,3,0
13711,4,1,0
13712,2,2,0
13713,4,1,0
13714,0,2,0
13715,4,4,0
13716,0,0,0
13717,1,3,0
13718,2,1,0
13719,1,1,0
13720,4,2,0
13721,4,1,0
13722,2,0,0
13723,1,2,0
13724,4,3,0
13725,3,4,0
13726,4,1,0
13727,1,3,0
13728,0,2,0
13729,4,4,0
13730,3,0,0
13731,4,0,0
13732,4,1,0
13733,2,2,0
13734,0,3,0
13735,2,0,0
13736,2,1,0
13737,2,1,0
13738,1,3,0
13739,3,2,0
13740,0,2,0
13741,4,0,0
13742,0,3,0
13743,0,2,0
13744,4,4,0
13745,0,4,0
13746,3,4,0
13747,0,1,0
13748,1,3,0
13749,3,0,0
13750,3,0,0
13751,1,3,0
13752,4,3,0
13753,0,0,0
13754,3,1,0
13755,1,2,0
13756,4,1,0
13757,4,3,0
13758,3,0,0
13759,3,4,0
13760,1,1,0
13761,4,1,0
13762,1,0,0
13763,0,2,0
13764,4,0,0
13765,3,4,0
13766,2,2,0
13767,4,3,0
13768,2,0,0
13769,4,3,0
13770,3,1,0
13771,4,3,0
13772,4,3,0
13773,4,1,0
13774,1,4,0
13775,3,2,0
13776,3,0,0
13777,3,1,0
13778,3,0,0
13779,2,0,0
13780,4,0,0
13781,1,2,0
13782,2,3,0
13783,4,0,0
13784,4,4,0
13785,2,1,0
13786,3,1,0
13787,1,2,0
13788,1,2,0
13789,4,1,0
13790,2,0,0
13791,0,1,0
13792,3,1,0
13793,2,0,0
13794,3,0,0
13795,2,1,0
13796,2,0,0
13797,4,2,0
13798,4,2,0
13799,4,2,0
13800,2,2,0
13801,4,2,0
13802,2,1,0
13803,2,4,0
13804,3,3,0
13805,2,2,0
13806,4,4,0
13807,3,1,0
13808,2,1,0
13809,4,0,0
13810,3,2,0
13811,2,4,0
13812,4,3,0
13813,0,3,0
13814,0,2,0
13815,3,0,0
13816,2,1,0
13817,1,0,0
13818,2,4,0
13819,2,1,0
13820,0,2,0
13821,2,1,0
13822,3,3,0
13823,2,3,0
13824,2,4,0
13825,3,4,0
13826,2,4,0
13827,0,0,0
13828,4,1,0
13829,4,3,0
13830,4,2,0
13831,3,2,0
13832,2,3,0
13833,4,3,0
13834,4,4,0
13835,3,1,0
13836,2,1,0
13837,0,3,0
13838,1,3,0
13839,2,1,0
13840,3,4,0
13841,2,4,0
13842,0,3,0
13843,4,2,0
13844,1,4,0
13845,3,3,0
13846,1,0,0
13847,4,4,0
13848,2,4,0
13849,1,2,0
13850,4,2,0
13851,0,2,0
13852,1,2,0
13853,2,0,0
13854,3,1,0
13855,4,3,0
13856,3,4,0
13857,3,3,0
13858,2,3,0
13859,1,0,0
13860,3,1,0
13861,1,2,0
13862,4,4,0
13863,1,1,0
13864,1,2,0
13865,0,3,0
13866,4,2,0
13867,0,2,0
13868,0,4,0
13869,2,1,0
13870,2,2,0
13871,0,1,0
13872,4,0,0
13873,0,1,0
13874,4,0,0
13875,4,4,0
13876,1,2,0
13877,1,3,0
13878,1,3,0
13879,1,2,0
13880,4,1,0
13881,2,3,0
13882,2,4,0
13883,0,1,0
13884,2,2,0
13885,3,0,0
13886,1,2,0
13887,1,2,0
13888,0,0,0
13889,2,2,0
13890,2,3,0
13891,4,0,0
13892,0,4,0
13893,1,3,0
13894,4,1,0
13895,0,0,0
13896,3,4,0
13897,1,2,0
13898,4,4,0
13899,4,1,0
13900,4,3,0
13901,0,2,0
13902,3,0,0
13903,0,2,0
13904,4,4,0
13905,4,2,0
13906,4,4,0
13907,4,0,0
13908,0,2,0
13909,4,2,0
13910,0,4,0
13911,4,4,0
13912,2,3,0
13913,0,1,0
13914,0,4,0
13915,3,3,0
13916,2,0,0
13917,1,3,0
13918,3,1,0
13919,4,3,0
13920,3,4,0
13921,1,1,0
13922,3,4,0
13923,3,0,0
13924,4,2,0
13925,3,3,0
13926,2,3,0
13927,4,1,0
13928,0,2,0
13929,2,1,0
13930,0,4,0
13931,3,3,0
13932,4,1,0
13933,4,2,0
13934,3,1,0
13935,2,2,0
13936,2,4,0
13937,2,4,0
13938,0,3,0
13939,1,1,0
13940,2,4,0
13941,0,4,0
13942,3,3,0
13943,3,4,0
13944,3,3,0
13945,0,3,0
13946,4,3,0
13947,1,1,0
13948,1,0,0
13949,3,3,0
13950,0,3,0
13951,2,0,0
13952,1,3,0
13953,4,1,0
13954,3,1,0
13955,1,4,0
13956,3,1,0
13957,1,4,0
13958,2,4,0
13959,0,0,0
13960,1,2,0
13961,0,4,0
13962,3,3,0
13963,2,3,0
13964,2,3,0
13965,2,0,0
13966,1,2,0
13967,2,4,0
13968,4,4,0
13969,1,1,0
13970,0,2,0
13971,3,2,0
13972,0,1,0
13973,3,3,0
13974,0,0,0
13975,3,3,0
13976,2,1,0
13977,4,0,0
13978,3,4,0
13979,0,3,0
13980,0,1,0
13981,3,4,0
13982,2,0,0
13983,2,4,0
13984,4,0,0
13985,3,0,0
13986,4,2,0
13987,4,0,0
13988,1,4,0
13989,4,2,0
13990,3,2,0
13991,3,2,0
13992,4,1,0
13993,0,2,0
13994,1,1,0
13995,2,0,0
13996,2,3,0
13997,1,1,0
13998,4,1,0
13999,0,4,0
14000,2,1,0
14001,2,0,0
14002,2,1,0
14003,0,2,0
14004,1,3,0
14005,4,3,0
14006,0,4,0
14007,4,3,0
14008,3,0,0
14009,1,2,0
14010,1,2,0
14011,3,1,0
14012,0,0,0
14013,4,1,0
14014,2,4,0
14015,4,2,0
14016,0,1,0
14017,4,4,0
14018,3,0,0
14019,0,0,0
14020,2,0,0
14021,3,2,0
14022,2,2,0
14023,4,2,0
14024,2,3,0
14025,0,4,0
14026,0,0,0
14027,0,1,0
14028,4,2,0
14029,0,3,0
14030,0,3,0
14031,2,4,0
14032,3,4,0
14033,4,1,0
14034,1,4,0
14035,2,3,0
14036,2,3,0
14037,4,2,0
14038,0,3,0
14039,0,3,0
14040,0,1,0
14041,2,0,0
14042,4,0,0
14043,2,1,0
14044,3,2,0
14045,3,2,0
14046,4,4,0
14047,3,1,0
14048,2,0,0
14049,4,0,0
14050,1,0,0
14051,4,2,0
14052,4,2,0
14053,0,4,0
14054,3,2,0
14055,1,2,0
14056,3,2,0
14057,4,1,0
14058,1,1,0
14059,1,2,0
14060,2,0,0
14061,1,0,0
14062,4,4,0
14063,0,2,0
14064,4,0,0
14065,2,2,0
14066,2,1,0
14067,4,1,0
14068,0,3,0
14069,1,3,0
14070,4,2,0
14071,4,2,0
14072,3,3,0
14073,0,2,0
14074,3,4,0
14075,1,2,0
14076,4,4,0
14077,3,2,0
14078,0,0,0
14079,1,3,0
14080,4,2,0
14081,0,3,0
14082,2,1,0
14083,0,4,0
14084,4,1,0
14085,1,4,0
14086,2,4,0
14087,3,1,0
14088,2,4,0
14089,0,2,0
14090,4,1,0
14091,3,2,0
14092,4,0,0
14093,4,3,0
14094,4,3,0
14095,3,3,0
14096,4,1,0
14097,1,4,0
14098,1,1,0
14099,3,1,0
14100,4,0,0
14101,3,0,0
14102,0,1,0
14103,3,3,0
14104,1,2,0
14105,3,0,0
14106,3,3,0
14107,1,0,0
14108,4,2,0
14109,0,4,0
14110,1,2,0
14111,1,3,0
14112,1,4,0
14113,0,4,0
14114,3,4,0
14115,0,3,0
14116,4,2,0
14117,4,1,0
14118,0,0,0
14119,3,0,0
14120,3,0,0
14121,1,1,0
14122,3,2,0
14123,4,2,0
14124,2,1,0
14125,1,0,0
14126,1,2,0
14127,1,2,0
14128,2,1,0
14129,4,1,0
14130,1,0,0
14131,1,3,0
14132,1,0,0
14133,1,4,0
14134,1,1,0
14135,2,3,0
14136,2,0,0
14137,2,4,0
14138,1,2,0
14139,4,0,0
14140,4,2,0
14141,3,1,0
14142,3,4,0
14143,3,1,0
14144,1,3,0
14145,4,4,0
14146,3,2,0
14147,4,2,0
14148,0,4,0
14149,1,2,0
14150,1,4,0
14151,0,2,0
14152,2,0,0
14153,4,1,0
14154,1,0,0
14155,4,3,0
14156,0,3,0
14157,4,0,0
14158,4,2,0
14159,3,4,0
14160,4,0,0
14161,2,4,0
14162,4,4,0
14163,2,0,0
14164,4,2,0
14165,2,4,0
14166,2,4,0
14167,4,4,0
14168,4,3,0
14169,4,4,0
14170,0,4,0
14171,4,0,0
14172,1,0,0
14173,3,1,0
14174,0,0,0
14175,3,1,0
14176,1,2,0
14177,1,2,0
14178,0,1,0
14179,3,4,0
14180,2,2,0
14181,4,3,0
14182,1,4,0
14183,2,1,0
14184,4,4,0
14185,3,1,0
14186,4,2,0
14187,0,2,0
14188,0,3,0
14189,1,4,0
14190,4,2,0
14191,4,4,0
14192,3,0,0
14193,3,1,0
14194,4,0,0
14195,2,4,0
14196,4,1,0
14197,0,3,0
14198,4,4,0
14199,0,2,0
14200,3,3,0
14201,3,4,0
14202,2,4,0
14203,0,1,0
14204,2,2,0
14205,3,3,0
14206,1,0,0
14207,3,4,0
14208,2,0,0
14209,3,0,0
14210,2,4,0
14211,4,3,0
14212,2,2,0
14213,4,4,0
14214,2,4,0
14215,2,2,0
14216,2,3,0
14217,1,1,0
14218,1,3,0
14219,2,3,0
14220,0,4,0
14221,4,1,0
14222,3,4,0
14223,1,4,0
14224,3,3,0
14225,4,2,0
14226,2,3,0
14227,1,4,0
14228,2,0,0
14229,3,1,0
14230,0,2,0
14231,4,0,0
14232,1,3,0
14233,0,3,0
14234,2,1,0
14235,3,2,0
14236,1,3,0
14237,1,3,0
14238,4,0,0
14239,2,1,0
14240,4,1,0
14241,4,2,1
14242,2,4,0
14243,3,4,0
14244,2,3,0
14245,3,3,0
14246,4,3,0
14247,4,3,0
14248,0,3,0
14249,4,4,0
14250,2,4,0
14251,1,3,0
14252,1,2,0
14253,2,1,0
14254,4,0,0
14255,2,1,0
14256,3,2,0
14257,2,4,0
14258,3,3,0
14259,4,3,0
14260,4,2,0
14261,2,1,0
14262,3,4,0
14263,1,4,0
14264,1,3,0
14265,0,1,0
14266,4,0,0
14267,2,2,0
14268,1,4,0
14269,4,1,0
14270,3,2,0
14271,0,1,0
14272,3,4,0
14273,4,3,0
14274,2,3,0
14275,3,0,0
14276,4,4,0
14277,0,2,0
14278,0,3,0
14279,2,1,0
14280,2,4,0
14281,4,4,0
14282,3,0,0
14283,1,3,0
14284,1,1,0
14285,3,0,0
14286,4,1,0
14287,3,1,0
14288,0,4,0
14289,1,3,0
14290,2,4,0
14291,2,3,0
14292,3,2,0
14293,0,4,0
14294,3,4,0
14295,3,2,0
14296,4,3,0
14297,3,2,0
14298,2,3,0
14299,3,4,0
14300,2,2,0
14301,4,3,0
14302,4,1,0
14303,0,3,0
14304,3,3,0
14305,2,4,0
14306,2,0,0
14307,0,0,0
14308,3,1,0
14309,2,0,0
14310,3,2,0
14311,0,3,0
14312,1,4,0
14313,3,1,0
14314,3,2,0
14315,1,2,0
14316,4,4,0
14317,1,1,0
14318,4,2,0
14319,0,4,0
14320,0,2,0
14321,2,2,0
14322,3,3,0
14323,0,3,0
14324,4,4,0
14325,0,0,0
14326,1,2,0
14327,0,3,0
14328,1,3,0
14329,2,2,0
14330,4,3,0
14331,1,0,0
14332,2,2,0
14333,3,1,0
14334,0,2,0
14335,3,4,0
14336,1,1,0
14337,2,0,0
14338,0,2,0
14339,0,1,0
14340,0,4,0
14341,3,4,0
14342,3,3,0
14343,2,4,0
14344,4,2,0
14345,2,3,0
14346,0,3,0
14347,1,0,0
14348,0,4,0
